date_start,date_end,event_name,city,age_category,source,club_file
2026-01-01,2026-01-01,LIGUE PARTENAIRES 2026,VIEILLE TOULOUSE,,club,vieille_toulouse
2026-01-08,2026-01-08,GOLF LOU VERDAI STEPH,ROQUES,,club,lou_verdai
2026-01-08,2026-01-08,GOLF LOU VERDAI STEPH,ROQUES,,club,vieille_toulouse
2026-01-11,2026-01-11,CARTE VERTE,ALBI,,club,Albi
2026-01-11,2026-01-11,COUPE DE L'EPIPHANIE AS,SEILH,,club,seilh
2026-01-11,2026-01-11,COUPE DE L'ÉPIPHANIE 2026 - SCRAMBLE À 4,VIEILLE TOULOUSE,,club,vieille_toulouse
2026-01-17,2026-01-17,MATCH-PLAYS HIVERNAUX,VIEILLE TOULOUSE,,club,vieille_toulouse
2026-01-18,2026-01-18,COMPÉTITION DES ROIS,ROQUES,,club,lou_verdai
2026-01-18,2026-01-18,COMPÉTITION DES ROIS,ROQUES,,club,vieille_toulouse
2026-01-29,2026-01-29,DERNIER JEUDI DU MOIS SÉNIORS,ALBI,Seniors,club,Albi
2026-01-31,2026-01-31,COUPE DE LA CHANDELEUR AS,SEILH,,club,seilh
2026-02-01,2026-02-01,COMPÉTITION DE LA CHANDELEUR,TOURNEFEUILLE,,club,la_ramee
2026-02-04,2026-02-04,CHANDELEUR CUP - EDG,VIEILLE TOULOUSE,,club,vieille_toulouse
2026-02-07,2026-02-07,CHANDELEUR CUP - EDG - 5T,VIEILLE TOULOUSE,,club,vieille_toulouse
2026-02-07,2026-02-07,CHANDELEUR CUP - EDG - 9 TROUS (INITIALEMENT INSCRITS SUR 18 TROUS),VIEILLE TOULOUSE,,club,vieille_toulouse
2026-02-07,2026-02-07,CHANDELEUR CUP - EDG - 9T,VIEILLE TOULOUSE,,club,vieille_toulouse
2026-02-07,2026-02-07,JUNIORS SÉRIES,BUZET-SUR-TARN,,club,Palmola
2026-02-08,2026-02-08,COMPETITION SCRAMBLE,DREMIL LAFAGE,,club,Estalosa
2026-02-08,2026-02-08,COMPÉTITION DE LA CHANDELEUR,ROQUES,,club,lou_verdai
2026-02-08,2026-02-08,COMPÉTITION DE LA CHANDELEUR,ROQUES,,club,vieille_toulouse
2026-02-15,2026-02-15,CHANDELEUR CUP,VIEILLE TOULOUSE,,club,vieille_toulouse
2026-02-15,2026-02-15,COMPÉTITION DE LA CHANDELEUR,ROQUES,,club,lou_verdai
2026-02-15,2026-02-15,COMPÉTITION DE LA CHANDELEUR,ROQUES,,club,vieille_toulouse
2026-02-18,2026-02-18,CLASSEMENT (COPY),CASTRES,,club,Castres
2026-02-19,2026-02-19,CLUB DES PARTENAIRES,BUZET-SUR-TARN,,club,Palmola
2026-02-20,2026-02-22,Grand Prix Dames de la Ligue PACA,MOURIES,Dames,grand_prix,
2026-02-21,2026-02-21,ACCESS GOLF RACE #EDG,SEILH,,club,seilh
2026-02-21,2026-02-21,ACCESS GOLF RACE BIS #EDG,SEILH,,club,seilh
2026-02-21,2026-02-21,SCRAMBLE À 2 - ADULTES / ENFANTS,VIEILLE TOULOUSE,,club,vieille_toulouse
2026-02-26,2026-02-26,DERNIER JEUDI DU MOIS,ALBI,,club,Albi
2026-02-26,2026-02-28,Grand Prix de Saint Donat,PLAN DE GRASSE,,grand_prix,
2026-03-01,2026-03-01,COMPETITION DE CLASSEMENT,DREMIL LAFAGE,,club,Estalosa
2026-03-01,2026-03-01,SOMABAY WORLD CUP,ALBI,,club,Albi
2026-03-04,2026-03-04,COMPÉTITION DE CLASSEMENT / BIODIVERSITÉ - 01 PARCOURS JAUNE - SWC,SEILH,,club,seilh
2026-03-04,2026-03-04,STAGE VACANCES,VIEILLE TOULOUSE,,club,vieille_toulouse
2026-03-05,2026-03-05,STAGE VACANCES,VIEILLE TOULOUSE,,club,vieille_toulouse
2026-03-05,2026-03-05,STAGE VACANCES,VIEILLE TOULOUSE,,club,vieille_toulouse
2026-03-06,2026-03-08,Grand Prix de Château l'Arc Trophée Guy PASTOR,FUVEAU,,grand_prix,
2026-03-07,2026-03-07,JUNIORSSERIE 07 03,BUZET-SUR-TARN,,club,Palmola
2026-03-07,2026-03-08,Grand Prix Jeunes de Chantilly U12,VINEUIL ST FIRMIN,U12,grand_prix_jeunes,
2026-03-07,2026-03-08,Grand Prix Jeunes de Raray Benjamins - Minimes,RARAY,Benjamins - Minimes,grand_prix_jeunes,
2026-03-07,2026-03-08,Grand Prix Jeunes de Saint Cast,SAINT CAST LE GUILDO,,grand_prix_jeunes,
2026-03-07,2026-03-08,Grand Prix de Casteljaloux,CASTELJALOUX,,grand_prix,
2026-03-08,2026-03-08,18 TROUS CLASSANT,VIEILLE TOULOUSE,,club,vieille_toulouse
2026-03-08,2026-03-08,9 TROUS CLASSANT,VIEILLE TOULOUSE,,club,vieille_toulouse
2026-03-09,2026-03-09,CARTES JEUNES,CASTRES,,club,Castres
2026-03-10,2026-03-10,TROPHEE GERSOIS / U14,EAUZE,U14,club,Eauze
2026-03-11,2026-03-11,CARNAVAL CUP - EDG - 5T,VIEILLE TOULOUSE,,club,vieille_toulouse
2026-03-11,2026-03-11,CARNAVAL CUP - EDG - 9T,VIEILLE TOULOUSE,,club,vieille_toulouse
2026-03-11,2026-03-11,COMPÉTITION DE CLASSEMENT / BIODIVERSITÉ - 02 PARCOURS ROUGE - SWC,SEILH,,club,seilh
2026-03-12,2026-03-12,9 TROUS CLASSANT,VIEILLE TOULOUSE,,club,vieille_toulouse
2026-03-12,2026-03-12,WINTER CUP GCT 18 TROUS,VIEILLE TOULOUSE,,club,vieille_toulouse
2026-03-13,2026-03-15,Grand Prix Elite de Landifornie (Moliets et Seignosse),MOLIETS ET MAA,,grand_prix,
2026-03-14,2026-03-14,CARNAVAL CUP - EDG - 5T,VIEILLE TOULOUSE,,club,vieille_toulouse
2026-03-14,2026-03-14,CARNAVAL CUP - EDG - 9T,VIEILLE TOULOUSE,,club,vieille_toulouse
2026-03-14,2026-03-14,CARNAVAL CUP ADULTES - SCRAMBLE À 4 - SHOT GUN L'APRÈS-MIDI,VIEILLE TOULOUSE,,club,vieille_toulouse
2026-03-14,2026-03-14,CARNAVAL CUP ADULTES - SCRAMBLE À 4 - SHOT GUN LE MATIN,VIEILLE TOULOUSE,,club,vieille_toulouse
2026-03-14,2026-03-14,CARNAVAL CUP EDG - 9 TROUS (DÉPARTS PLUS TARDIF),VIEILLE TOULOUSE,,club,vieille_toulouse
2026-03-14,2026-03-14,CHAMPIONNAT DU TARN INDIVIDUEL,ALBI,,club,Albi
2026-03-14,2026-03-14,TIS - 14/03/2026,TOURNEFEUILLE,,club,la_ramee
2026-03-14,2026-03-15,Grand Prix National U12,NIMES,U12,grand_prix_jeunes,
2026-03-14,2026-03-15,Grand Prix National U12 Filles U12,NIMES,U12,grand_prix_jeunes,
2026-03-14,2026-03-15,Grand Prix National U12 Garçons U12,NIMES,U12,grand_prix_jeunes,
2026-03-14,2026-03-15,Grand Prix d'Augerville,AUGERVILLE LA RIVIERE,,grand_prix,
2026-03-14,2026-03-15,Grand Prix de Barbaroux,BRIGNOLES,,grand_prix,
2026-03-14,2026-03-15,Grand Prix de Souillac,LACHAPELLE AUZAC,,grand_prix,
2026-03-14,2026-03-15,Grand Prix des Chanalets,BOURG LES VALENCE,,grand_prix,
2026-03-14,2026-03-15,Grand Prix du Liberty Country Club,THIVERVAL GRIGNON,,grand_prix,
2026-03-15,2026-03-15,COMPETITION SCRAMBLE,DREMIL LAFAGE,,club,Estalosa
2026-03-15,2026-03-15,COMPÉTITION ST PATRICK 2026,TOURNEFEUILLE,,club,la_ramee
2026-03-15,2026-03-15,COUPE DE LA SAINT PATRICK,BUZET-SUR-TARN,,club,Palmola
2026-03-15,2026-03-15,PITCH & PUTT LOU VERDAÏ,ROQUES,,club,lou_verdai
2026-03-15,2026-03-15,PITCH & PUTT LOU VERDAÏ,ROQUES,,club,vieille_toulouse
2026-03-15,2026-03-15,SHOTGUN AFG,SEILH,,club,seilh
2026-03-15,2026-03-15,WINTER CUP JUNIOR GCT - U12 - 18 TROUS,VIEILLE TOULOUSE,U12,club,vieille_toulouse
2026-03-15,2026-03-15,WINTER CUP JUNIOR GCT - U8 ET U10 - 9 TROUS,VIEILLE TOULOUSE,U10,club,vieille_toulouse
2026-03-18,2026-03-18,TIS - 18/03/2026,TOURNEFEUILLE,,club,la_ramee
2026-03-19,2026-03-19,CARNAVAL CUP ADULTES,VIEILLE TOULOUSE,,club,vieille_toulouse
2026-03-19,2026-03-19,COMPÉTITION DE CLASSEMENT,VIEILLE TOULOUSE,,club,vieille_toulouse
2026-03-20,2026-03-20,42/67 TOULOUSE,ALBI,,club,Albi
2026-03-20,2026-03-20,CHAMPIONS CUP MARS,BUZET-SUR-TARN,,club,Palmola
2026-03-20,2026-03-20,IBM,BUZET-SUR-TARN,,club,Palmola
2026-03-20,2026-03-22,41ème Grand Prix de Campagne Trophée Tito LASSALLE,NIMES,,grand_prix,
2026-03-20,2026-03-22,Grand Prix de Bordeaux,BORDEAUX,,grand_prix,
2026-03-21,2026-03-21,9 TROUS CLASSANT,VIEILLE TOULOUSE,,club,vieille_toulouse
2026-03-21,2026-03-21,CHALLENGE CDGOLF81 U16,ALBI,U16,club,Albi
2026-03-21,2026-03-21,CHALLENGE DEPARTEMENTAL U12,ALBI,U12,club,Albi
2026-03-21,2026-03-21,CHALLENGE DEPARTEMENTAL U14,ALBI,U14,club,Albi
2026-03-21,2026-03-21,CHALLENGE DEPARTEMENTAL U16,ALBI,U16,club,Albi
2026-03-21,2026-03-21,CHPT EQUIPES,BUZET-SUR-TARN,,club,Palmola
2026-03-21,2026-03-21,CLASSEMENT (COPY) (COPY),CASTRES,,club,Castres
2026-03-21,2026-03-21,COMPETITION DE CLASSEMENT,DREMIL LAFAGE,,club,Estalosa
2026-03-21,2026-03-21,COMPÉTITION DE CLASSEMENT / BIODIVERSITÉ - 03 PARCOURS JAUNE - SWC,SEILH,,club,seilh
2026-03-21,2026-03-21,RENCONTRE GCT VS ARIEGE,VIEILLE TOULOUSE,,club,vieille_toulouse
2026-03-21,2026-03-21,TROPHEE GERSOIS / U10,EAUZE,U10,club,Eauze
2026-03-21,2026-03-21,TROPHEE GERSOIS / U12,EAUZE,U12,club,Eauze
2026-03-21,2026-03-21,TROPHEE GERSOIS / U16,EAUZE,U16,club,Eauze
2026-03-21,2026-03-22,Grand Prix Jeunes de Lyon Chassieu Benjamins - Minimes,CHASSIEU,Benjamins - Minimes,grand_prix_jeunes,
2026-03-21,2026-03-22,Grand Prix Jeunes du GC Lyon U12,VILLETTE D'ANTHON,U12,grand_prix_jeunes,
2026-03-21,2026-03-22,Grand Prix Jeunes du Prieuré U12 - Benjamins,SAILLY,U12 - Benjamins,grand_prix_jeunes,
2026-03-21,2026-03-22,Trophée Dinard Golf,SAINT BRIAC SUR MER,,grand_prix,
2026-03-22,2026-03-22,18 TROUS CLASSANT,VIEILLE TOULOUSE,,club,vieille_toulouse
2026-03-22,2026-03-22,CARTES JEUNES (COPY),CASTRES,,club,Castres
2026-03-22,2026-03-22,COMPÉTITION SAINT PATRICK,ROQUES,,club,lou_verdai
2026-03-22,2026-03-22,COMPÉTITION SAINT PATRICK,ROQUES,,club,vieille_toulouse
2026-03-22,2026-03-22,COUPE DU PRINTEMPS,ESPALAIS,,club,Espalais
2026-03-22,2026-03-22,CRÉDIT AGRICOLE,BUZET-SUR-TARN,,club,Palmola
2026-03-22,2026-03-22,FÊTES DE LA SAINT PATRICK,PLAISANCE DU TOUCH,,club,teoula
2026-03-22,2026-03-22,JUNIOR SERIES 2026 ÉTAPE 1,SEILH,,club,seilh
2026-03-22,2026-03-22,SCRAMBLE À 2 - PARCOURS 25,VIEILLE TOULOUSE,,club,vieille_toulouse
2026-03-22,2026-03-22,SOMABAY WORLD CUP,ALBI,,club,Albi
2026-03-23,2026-03-23,CIRCUIT OCCITANT SENIOR ETAPE 1 LUNDI,TOURNEFEUILLE,Seniors,club,la_ramee
2026-03-24,2026-03-24,CIRCUIT OCCITANT SENIOR ETAPE 1 MARDI,TOURNEFEUILLE,Seniors,club,la_ramee
2026-03-25,2026-03-25,CIRCUIT OCCITANT SENIOR ETAPE 1 MERCREDI,TOURNEFEUILLE,Seniors,club,la_ramee
2026-03-25,2026-03-25,COMPÉTITION DE CLASSEMENT / BIODIVERSITÉ - 04 PARCOURS ROUGE - SWC,SEILH,,club,seilh
2026-03-26,2026-03-26,CHALLENGE AFG AIRBUS 2026,MONTAUBAN,,club,Montauban
2026-03-26,2026-03-26,CIRCUIT OCCITANT SENIOR ETAPE 1 JEUDI,TOURNEFEUILLE,Seniors,club,la_ramee
2026-03-26,2026-03-26,COMPÉTITION DE CLASSEMENT,VIEILLE TOULOUSE,,club,vieille_toulouse
2026-03-26,2026-03-26,DERNIER JEUDI DU MOIS,ALBI,,club,Albi
2026-03-27,2026-03-27,CHALLENGE USCF ATLANTIQUE,ALBI,,club,Albi
2026-03-27,2026-03-27,ECLECTICS DE TÉOULA / SWC - ETAPE 4,PLAISANCE DU TOUCH,,club,teoula
2026-03-27,2026-03-29,Grand Prix de l'Isère Charmeil,SAINT QUENTIN SUR ISERE,,grand_prix,
2026-03-27,2026-03-29,Grand Prix de la Ligue des HDF,NEUFCHATEL HARDELOT,,grand_prix,
2026-03-28,2026-03-28,ALL4U CHAMPIONSHIP,PLAISANCE DU TOUCH,,club,teoula
2026-03-28,2026-03-29,Grand Prix Jeunes Majeur Filles U14,ANGLET,U14,grand_prix_jeunes,
2026-03-28,2026-03-29,Grand Prix Jeunes Majeur Garçons U14,ANGLET,U14,grand_prix_jeunes,
2026-03-28,2026-03-29,Grand Prix Jeunes Majeur U14,ANGLET,U14,grand_prix_jeunes,
2026-03-28,2026-03-29,Grand Prix Jeunes de Bordeaux Lac Benjamins - Minimes,BORDEAUX,Benjamins - Minimes,grand_prix_jeunes,
2026-03-28,2026-03-29,Grand Prix Jeunes du Bordelais U12,BORDEAUX,U12,grand_prix_jeunes,
2026-03-28,2026-03-29,Grand Prix Jeunes du Mans 24H,MULSANNE,,grand_prix_jeunes,
2026-03-28,2026-03-29,Grand Prix d'Angoulême,ANGOULEME,,grand_prix,
2026-03-28,2026-03-29,Grand Prix d'Arcachon,LA TESTE,,grand_prix,
2026-03-28,2026-03-29,Grand Prix de Baugé,BAUGE-EN-ANJOU,,grand_prix,
2026-03-28,2026-03-29,Grand Prix de Bourges,BOURGES,,grand_prix,
2026-03-28,2026-03-29,Grand Prix de Paris Val d'Europe,MAGNY-LE-HONGRE,,grand_prix,
2026-03-28,2026-03-29,Grand Prix du Claux-Amic,GRASSE,,grand_prix,
2026-03-28,2026-03-29,Grand Prix du Havre Oct/Mer,OCTEVILLE SUR MER,,grand_prix,
2026-03-29,2026-03-29,23ÈME GRAND TROPHÉE LIONS,MONTAUBAN,,club,Montauban
2026-03-29,2026-03-29,CLASSEMENT DU PRINTEMPS,BUZET-SUR-TARN,,club,Palmola
2026-03-29,2026-03-29,SOMABAY WORLD CUP,ROQUES,,club,lou_verdai
2026-03-29,2026-03-29,SOMABAY WORLD CUP,ROQUES,,club,vieille_toulouse
2026-04-01,2026-04-01,COMPÉTITION DE CLASSEMENT / BIODIVERSITÉ - 05 PARCOURS JAUNE - SWC,SEILH,,club,seilh
2026-04-01,2026-04-01,COUPE DE PÂQUES - EDG - 5T,VIEILLE TOULOUSE,,club,vieille_toulouse
2026-04-01,2026-04-01,COUPE DE PÂQUES - EDG - 9T,VIEILLE TOULOUSE,,club,vieille_toulouse
2026-04-02,2026-04-02,COMPÉTITION - SWC,PLAISANCE DU TOUCH,,club,teoula
2026-04-02,2026-04-02,COMPÉTITION DE CLASSEMENT,VIEILLE TOULOUSE,,club,vieille_toulouse
2026-04-02,2026-04-02,COMPÉTITION DE CLASSEMENT 1,MONTAUBAN,,club,Montauban
2026-04-04,2026-04-04,COUPE DE PÂQUES - EDG - 5T,VIEILLE TOULOUSE,,club,vieille_toulouse
2026-04-04,2026-04-04,COUPE DE PÂQUES - EDG - 9T,VIEILLE TOULOUSE,,club,vieille_toulouse
2026-04-04,2026-04-04,JUNIOR SERIES 1,PLAISANCE DU TOUCH,,club,teoula
2026-04-04,2026-04-04,ÉPREUVE DE QUALIFICATION - GRAND PRIX 2026,VIEILLE TOULOUSE,,club,vieille_toulouse
2026-04-04,2026-04-05,Grand Jeunes de Lery Poses U12,POSES,U12,grand_prix_jeunes,
2026-04-04,2026-04-05,Grand Prix Jeunes PGA France du Vaudreuil Benjamins - Minimes,LE VAUDREUIL,Benjamins - Minimes,grand_prix_jeunes,
2026-04-04,2026-04-05,Grand Prix de Meaux,BOUTIGNY,,grand_prix,
2026-04-04,2026-04-05,Grand Prix de Rochefort,SAINT-LAURENT DE LA PREE,,grand_prix,
2026-04-04,2026-04-05,Grand Prix de l'Eure,EVREUX,,grand_prix,
2026-04-04,2026-04-05,Grand Prix de la Drôme Valence St Didier,CHARPEY,,grand_prix,
2026-04-04,2026-04-06,Grand Prix de l'Isle Adam,L'ISLE ADAM,,grand_prix,
2026-04-04,2026-04-06,Grand Prix du Lys Chantilly Challenges Ginette Dessus et Patrick Cros,LAMORLAYE,,grand_prix,
2026-04-04,2026-04-06,WAR BASSIN BLEU,ST GILLES LES HAUTS,,grand_prix,
2026-04-05,2026-04-06,Grand Prix Jeunes de Carcassonne,CARCASSONNE,,grand_prix_jeunes,
2026-04-05,2026-04-06,Grand Prix de Chalons en Champagne,COURTISOLS,,grand_prix,
2026-04-07,2026-04-07,CIRCUIT OCCITAN,ROQUES,,club,lou_verdai
2026-04-07,2026-04-07,CIRCUIT OCCITAN,ROQUES,,club,vieille_toulouse
2026-04-08,2026-04-08,CIRCUIT OCCITAN,ROQUES,,club,lou_verdai
2026-04-08,2026-04-08,CIRCUIT OCCITAN,ROQUES,,club,vieille_toulouse
2026-04-08,2026-04-08,COMPÉTITION DE CLASSEMENT / BIODIVERSITÉ - 06 PARCOURS ROUGE - SWC 006,SEILH,,club,seilh
2026-04-09,2026-04-09,CHAMPIONNAT D'ACADÉMIE FFSU,VIEILLE TOULOUSE,,club,vieille_toulouse
2026-04-09,2026-04-09,CIRCUIT OCCITAN,ROQUES,,club,lou_verdai
2026-04-09,2026-04-09,CIRCUIT OCCITAN,ROQUES,,club,vieille_toulouse
2026-04-10,2026-04-10,COMPÉTITION - SWC,PLAISANCE DU TOUCH,,club,teoula
2026-04-10,2026-04-12,Grand Prix de Haute Savoie Bossey,BOSSEY,,grand_prix,
2026-04-10,2026-04-12,Masters de la Nivelle,CIBOURE,,grand_prix,
2026-04-11,2026-04-11,CHALLENGE AUDITION BAHUAUD - PROFESSIONNELS DE SANTÉ,VIEILLE TOULOUSE,,club,vieille_toulouse
2026-04-11,2026-04-11,COMPÉTITION DE CLASSEMENT / BIODIVERSITÉ - 06 PARCOURS ROUGE - SWC,SEILH,,club,seilh
2026-04-11,2026-04-11,OPEN DES ABONNÉS,PLAISANCE DU TOUCH,,club,teoula
2026-04-11,2026-04-11,TROPHEE GRESHAM 18T,ROQUES,,club,lou_verdai
2026-04-11,2026-04-11,TROPHEE GRESHAM 18T,ROQUES,,club,vieille_toulouse
2026-04-11,2026-04-11,TROPHEE GRESHAM 9T,ROQUES,,club,lou_verdai
2026-04-11,2026-04-11,TROPHEE GRESHAM 9T,ROQUES,,club,vieille_toulouse
2026-04-11,2026-04-12,Grand Prix de Domont-Montmorency,DOMONT,,grand_prix,
2026-04-11,2026-04-12,Grand Prix de Montpellier Fontcaude,JUVIGNAC,,grand_prix,
2026-04-11,2026-04-12,Grand Prix de Reims,GUEUX,,grand_prix,
2026-04-11,2026-04-12,Grand Prix de Salvagny,LA TOUR DE SALVAGNY,,grand_prix,
2026-04-11,2026-04-12,Grand Prix de Sperone,BONIFACIO,,grand_prix,
2026-04-11,2026-04-12,Grand Prix de Wimereux Thierry Delassus,WIMEREUX,,grand_prix,
2026-04-11,2026-04-12,Grand Prix des Yvelines,LA QUEUE LES YVELINES,,grand_prix,
2026-04-11,2026-04-12,Grand Prix du Grand Saint-Emilionnais,GARDEGAN ET TOURTIRAC,,grand_prix,
2026-04-12,2026-04-12,CHALLENGE AUDITION BAHUAUD,VIEILLE TOULOUSE,,club,vieille_toulouse
2026-04-14,2026-04-14,COMPÉTITION - SWC,PLAISANCE DU TOUCH,,club,teoula
2026-04-14,2026-04-14,OPEN DES COTEAUX 2026 - COMPÉTITION PRIVÉE,VIEILLE TOULOUSE,,club,vieille_toulouse
2026-04-14,2026-04-15,Grand Prix Jeunes de La Prée la Rochelle,MARSILLY,,grand_prix_jeunes,
2026-04-15,2026-04-15,COMPÉTITION DE CLASSEMENT / BIODIVERSITÉ - 07 PARCOURS JAUNE - SWC,SEILH,,club,seilh
2026-04-16,2026-04-17,Grand Prix Jeunes du Gouverneur Benjamins,MONTHIEUX,Benjamins,grand_prix_jeunes,
2026-04-16,2026-04-17,Grand Prix Jeunes du Gouverneur U12,MONTHIEUX,U12,grand_prix_jeunes,
2026-04-17,2026-04-19,Championnat de Ligue Amateur Paris Ile-de-France Trophée Thomas de Kristoffy,VERSAILLES,,grand_prix,
2026-04-17,2026-04-19,Grand Prix de Toulouse,VIEILLE TOULOUSE,,grand_prix,
2026-04-18,2026-04-19,Grand Prix Jeunes de Cheverny,CHEVERNY,,grand_prix_jeunes,
2026-04-18,2026-04-19,Grand Prix Jeunes de l'Ile d'Or,LA VARENNE,,grand_prix_jeunes,
2026-04-18,2026-04-19,Grand Prix Jeunes de la Vanade U12,VILLENEUVE LOUBET,U12,grand_prix_jeunes,
2026-04-18,2026-04-19,Grand Prix de Baden,BADEN,,grand_prix,
2026-04-18,2026-04-19,Grand Prix de Dijon Bourgogne,NORGES LA VILLE,,grand_prix,
2026-04-18,2026-04-19,Grand Prix de Dunkerque,COUDEKERQUE,,grand_prix,
2026-04-18,2026-04-19,Grand Prix de La Marterie,ST FELIX REILHAC MORTEMART,,grand_prix,
2026-04-18,2026-04-19,Grand Prix de Limère,ARDON,,grand_prix,
2026-04-19,2026-04-19,BEFORE ARKEA MLO,MONTAUBAN,,club,Montauban
2026-04-19,2026-04-19,BEFORE ARKEA MLO,MONTAUBAN,,club,Montauban
2026-04-19,2026-04-19,BEFORE ARKÉA MLO,MONTAUBAN,,club,Montauban
2026-04-21,2026-04-22,Grand Prix Jeunes de Strasbourg,ILLKIRCH GRAFFENSTADEN,,grand_prix_jeunes,
2026-04-22,2026-04-22,COMPÉTITION - SWC,PLAISANCE DU TOUCH,,club,teoula
2026-04-22,2026-04-22,COMPÉTITION DE CLASSEMENT / BIODIVERSITÉ - 08 PARCOURS ROUGE - SWC,SEILH,,club,seilh
2026-04-22,2026-04-23,Grand Prix Jeunes de Granville,BREVILLE SUR MER,,grand_prix_jeunes,
2026-04-24,2026-04-25,Grand Prix Jeunes de la Wantzenau,LA WANTZENAU,,grand_prix_jeunes,
2026-04-24,2026-04-26,Coupe Frayssineau Mouchy,FONTAINEBLEAU,,grand_prix,
2026-04-24,2026-04-26,Grand Prix de Rebetz,CHAUMONT EN VEXIN,,grand_prix,
2026-04-25,2026-04-25,JUNIOR SERIES 2,PLAISANCE DU TOUCH,,club,teoula
2026-04-25,2026-04-25,SCRAMBLE DES NOUVEAUX MEMBRES - 2026,VIEILLE TOULOUSE,,club,vieille_toulouse
2026-04-25,2026-04-26,Grand Prix Jeunes de Bourbon,LA REUNION,,grand_prix_jeunes,
2026-04-25,2026-04-26,Grand Prix de Mazamet,PONT DE L'ARN,,grand_prix,
2026-04-26,2026-04-26,COUPE DES JARDINIERS,PLAISANCE DU TOUCH,,club,teoula
2026-04-26,2026-04-26,COUPE DES PRESIDENTS,ESPALAIS,,club,Espalais
2026-04-26,2026-04-26,SOMABAY WORLD CUP,ROQUES,,club,lou_verdai
2026-04-26,2026-04-26,SOMABAY WORLD CUP,ROQUES,,club,vieille_toulouse
2026-04-29,2026-04-30,Grand Prix Jeunes du Stade Français Courson U12 - Benjamins,COURSON MONTELOUP,U12 - Benjamins,grand_prix_jeunes,
2026-04-30,2026-04-30,COMPÉTITION DE CLASSEMENT 2,MONTAUBAN,,club,Montauban
2026-05-01,2026-05-03,Coupe Cachard Grand Prix de Saint-Cloud,GARCHES,,grand_prix,
2026-05-01,2026-05-03,Grand Prix d'Amiens,QUERRIEU,,grand_prix,
2026-05-01,2026-05-03,Grand Prix de Palmola,BUZET-SUR-TARN,,grand_prix,
2026-05-01,2026-05-03,Grand Prix de Pau Artiguelouve,ARTIGUELOUVE,,grand_prix,
2026-05-02,2026-05-02,COMPÉTITION - SWC,PLAISANCE DU TOUCH,,club,teoula
2026-05-02,2026-05-03,Grand Prix Jeunes de Brigode U12,VILLENEUVE D'ASCQ,U12,grand_prix_jeunes,
2026-05-02,2026-05-03,Grand Prix Jeunes de Mionnay,MIONNAY,,grand_prix_jeunes,
2026-05-02,2026-05-03,Grand Prix Jeunes de Mérignies Benjamins - Minimes,MERIGNIES,Benjamins - Minimes,grand_prix_jeunes,
2026-05-02,2026-05-03,Grand Prix Jeunes de Touraine,BALLAN MIRE,,grand_prix_jeunes,
2026-05-02,2026-05-03,Grand Prix de Crécy la Chapelle,CRECY LA CHAPELLE,,grand_prix,
2026-05-02,2026-05-03,Grand Prix de Léry Poses,POSES,,grand_prix,
2026-05-02,2026-05-03,Grand Prix de Marcilly,MARCILLY EN VILLETTE,,grand_prix,
2026-05-02,2026-05-03,Grand Prix de Villenave d'Ornon,VILLENAVE-D'ORNON,,grand_prix,
2026-05-02,2026-05-03,Grand Prix de l'Odet,BENODET,,grand_prix,
2026-05-03,2026-05-03,3/05 CLASSEMENT SWC,ESPALAIS,,club,Espalais
2026-05-03,2026-05-03,COMPÉTITION DE CLASSEMENT / BIODIVERSITÉ - 09 PARCOURS JAUNE - SWC,SEILH,,club,seilh
2026-05-03,2026-05-03,WAGC 2026 QUALIFICATIONS RÉGIONALES,MONTAUBAN,,club,Montauban
2026-05-04,2026-05-04,4/05 CLASSEMENT SWC,ESPALAIS,,club,Espalais
2026-05-04,2026-05-04,CAHORS GOLF,MONTAUBAN,,club,Montauban
2026-05-06,2026-05-06,COMPÉTITION DE CLASSEMENT / BIODIVERSITÉ - 10 PARCOURS ROUGE - SWC,SEILH,,club,seilh
2026-05-08,2026-05-10,Grand Prix d'Aix-Marseille Coupe Yves Caillol,LES MILLES,,grand_prix,
2026-05-08,2026-05-10,Grand Prix de Caen la Mer,BIEVILLE BEUVILLE,,grand_prix,
2026-05-08,2026-05-10,Grand Prix de Mont de Marsan Trophée Philippe Revel-Mouroz,SAINT AVIT,,grand_prix,
2026-05-08,2026-05-10,Grand Prix de Saint-Nom la Bretèche,SAINT NOM LA BRETECHE,,grand_prix,
2026-05-08,2026-05-10,Grand Prix de la Porcelaine,PANAZOL,,grand_prix,
2026-05-09,2026-05-10,Grand Prix Jeunes Majeur Filles U14,BONDUES,U14,grand_prix_jeunes,
2026-05-09,2026-05-10,Grand Prix Jeunes Majeur Garçons U14,BONDUES,U14,grand_prix_jeunes,
2026-05-09,2026-05-10,Grand Prix Jeunes Majeur U14,BONDUES,U14,grand_prix_jeunes,
2026-05-09,2026-05-10,Grand Prix Jeunes de Saint Samson,PLEUMEUR BODOU,,grand_prix_jeunes,
2026-05-09,2026-05-10,Grand Prix Jeunes du Haut-Poitou,BEAUMONT SAINT-CYR,,grand_prix_jeunes,
2026-05-09,2026-05-10,Grand Prix de Cergy,VAUREAL,,grand_prix,
2026-05-09,2026-05-10,Grand Prix de Nancy Aingeray,AINGERAY,,grand_prix,
2026-05-09,2026-05-10,Grand Prix de Quetigny Grand Dijon,QUETIGNY,,grand_prix,
2026-05-09,2026-05-10,Grand Prix de Thumeries,THUMERIES,,grand_prix,
2026-05-09,2026-05-10,Grand Prix de Toulouse Seilh,SEILH,,grand_prix,
2026-05-09,2026-05-10,Grand Prix de l'Ardèche St Clair,SAINT CLAIR - ANNONAY,,grand_prix,
2026-05-09,2026-05-10,Grand Prix de la Ligue des Pays de la Loire,CHOLET,,grand_prix,
2026-05-10,2026-05-10,10/05 CLASSEMENT SWC,ESPALAIS,,club,Espalais
2026-05-10,2026-05-10,COUPE DU PROSHOP,PLAISANCE DU TOUCH,,club,teoula
2026-05-10,2026-05-10,TROPHÉE LISA 2026,VIEILLE TOULOUSE,,club,vieille_toulouse
2026-05-11,2026-05-11,11/05 CLASSEMENT SWC,ESPALAIS,,club,Espalais
2026-05-13,2026-05-13,COMPÉTITION DE CLASSEMENT / BIODIVERSITÉ - 11 PARCOURS JAUNE - SWC,SEILH,,club,seilh
2026-05-14,2026-05-14,COMPÉTITION - SWC,PLAISANCE DU TOUCH,,club,teoula
2026-05-15,2026-05-17,Grand Prix de Bayeux Omaha Beach,PORT EN BESSIN HUPPAIN,,grand_prix,
2026-05-15,2026-05-17,Grand Prix de Bondues,BONDUES,,grand_prix,
2026-05-15,2026-05-17,Grand Prix de Rennes,SAINT JACQUES DE LA LANDE,,grand_prix,
2026-05-16,2026-05-17,Grand Prix Jeunes de Rougemont,ROUGEMONT LE CHATEAU,,grand_prix_jeunes,
2026-05-16,2026-05-17,Grand Prix Jeunes de Toulouse,VIEILLE TOULOUSE,,grand_prix_jeunes,
2026-05-16,2026-05-17,Grand Prix de Digne les Bains,DIGNE LES BAINS,,grand_prix,
2026-05-16,2026-05-17,Grand Prix de Preisch,BASSE RENTGEN,,grand_prix,
2026-05-16,2026-05-17,Grand Prix de Périgueux,MARSAC SUR L'ISLE,,grand_prix,
2026-05-16,2026-05-17,Grand Prix de Saint Germain lès Corbeil,SAINT GERMAIN LES CORBEIL,,grand_prix,
2026-05-20,2026-05-20,COMPÉTITION DE CLASSEMENT / BIODIVERSITÉ - 12 PARCOURS ROUGE - SWC,SEILH,,club,seilh
2026-05-21,2026-05-21,JOURNÉE GOLF SINAGOT,EAUZE,,club,Eauze
2026-05-22,2026-05-22,COMPÉTITION - SWC,PLAISANCE DU TOUCH,,club,teoula
2026-05-22,2026-05-22,GAN BCGS GOLF CUP 2026,MONTAUBAN,,club,Montauban
2026-05-23,2026-05-24,Grand Prix Jeunes de Bourges,BOURGES,,grand_prix_jeunes,
2026-05-23,2026-05-24,Grand Prix de Rochefort,ROCHEFORT EN YVELINES,,grand_prix,
2026-05-23,2026-05-25,Grand Prix Anniversaire de Bourbon,LA REUNION,,grand_prix,
2026-05-23,2026-05-25,Grand Prix de Haute Auvergne,SANSAC DE MARMIESSE,,grand_prix,
2026-05-24,2026-05-24,DS SWING 2025,MONTAUBAN,,club,Montauban
2026-05-30,2026-05-30,COMPÉTITION DE CLASSEMENT / BIODIVERSITÉ - 13 PARCOURS JAUNE - SWC,SEILH,,club,seilh
2026-05-30,2026-05-30,JUNIOR SERIES 3,PLAISANCE DU TOUCH,,club,teoula
2026-05-30,2026-05-30,THALES TOUR 2026,MONTAUBAN,,club,Montauban
2026-05-30,2026-05-31,Grand Prix Jeunes de Reims,GUEUX,,grand_prix_jeunes,
2026-05-30,2026-05-31,Grand Prix National Filles U12,ILLKIRCH GRAFFENSTADEN,U12,grand_prix_jeunes,
2026-05-30,2026-05-31,Grand Prix National Garçons U12,ILLKIRCH GRAFFENSTADEN,U12,grand_prix_jeunes,
2026-05-30,2026-05-31,Grand Prix National U12,ILLKIRCH GRAFFENSTADEN,U12,grand_prix_jeunes,
2026-05-30,2026-05-31,Grand Prix des Boucles de Seine,MOISSON-MOUSSEAUX,,grand_prix,
2026-05-31,2026-05-31,31/05 CLASSEMENT SWC,ESPALAIS,,club,Espalais
2026-05-31,2026-05-31,COMPÉTITION - SWC,PLAISANCE DU TOUCH,,club,teoula
2026-05-31,2026-05-31,GOLFY DAY 2026,MONTAUBAN,,club,Montauban
2026-05-31,2026-05-31,TROPHÉE DES CAPITOULS 2026,VIEILLE TOULOUSE,,club,vieille_toulouse
2026-06-01,2026-06-01,1/06 CLASSEMENT SWC,ESPALAIS,,club,Espalais
2026-06-03,2026-06-03,COMPÉTITION DE CLASSEMENT / BIODIVERSITÉ - 14 PARCOURS ROUGE - SWC,SEILH,,club,seilh
2026-06-04,2026-06-04,TROPHÉE ELLES 2026 - SCRAMBLE À 2,VIEILLE TOULOUSE,,club,vieille_toulouse
2026-06-04,2026-06-04,TROPHÉE ELLES 2026 - SIMPLE,VIEILLE TOULOUSE,,club,vieille_toulouse
2026-06-05,2026-06-07,Coupe Didier Illouz Grand Prix du RCF La Boulie,VERSAILLES,,grand_prix,
2026-06-05,2026-06-07,Grand Prix d'Eauze,EAUZE,,grand_prix,
2026-06-05,2026-06-07,Grand Prix de Mérignies,MERIGNIES,,grand_prix,
2026-06-05,2026-06-07,Grand Prix du Lac d'Annecy,TALLOIRES,,grand_prix,
2026-06-06,2026-06-07,Grand Prix d'Aix en Provence,AIX EN PROVENCE,,grand_prix,
2026-06-06,2026-06-07,Grand Prix de Caen Garcelles,LE CASTELET,,grand_prix,
2026-06-06,2026-06-07,Grand Prix de Donnery,DONNERY,,grand_prix,
2026-06-06,2026-06-07,Grand Prix de Montereau la Forteresse,THOURY FERROTTES,,grand_prix,
2026-06-06,2026-06-07,Grand Prix de Nancy Pulnoy,PULNOY,,grand_prix,
2026-06-06,2026-06-07,Grand Prix de Savenay,SAVENAY,,grand_prix,
2026-06-06,2026-06-07,Grand Prix de Téoula,PLAISANCE DU TOUCH,,grand_prix,
2026-06-10,2026-06-10,COMPÉTITION DE CLASSEMENT / BIODIVERSITÉ - 15 PARCOURS JAUNE - SWC,SEILH,,club,seilh
2026-06-12,2026-06-12,TROPHÉE LAGARRIGUE 2026,MONTAUBAN,,club,Montauban
2026-06-12,2026-06-14,Grand Prix de Villarceaux,CHAUSSY,,grand_prix,
2026-06-12,2026-06-14,Grand Prix du Stade Français,COURSON MONTELOUP,,grand_prix,
2026-06-13,2026-06-13,COMPÉTITION MERCEDES,PLAISANCE DU TOUCH,,club,teoula
2026-06-13,2026-06-13,MCDO FAMILY CUP 2026,VIEILLE TOULOUSE,,club,vieille_toulouse
2026-06-13,2026-06-14,Grand Prix Jeunes de Bayeux Omaha Beach,PORT EN BESSIN HUPPAIN,,grand_prix_jeunes,
2026-06-13,2026-06-14,Grand Prix Yves Dullieux,MONT SAINT AIGNAN,,grand_prix,
2026-06-13,2026-06-14,Grand Prix de Chailly,POUILLY EN AUXOIS,,grand_prix,
2026-06-13,2026-06-14,Grand Prix de Gujan Mestras,GUJAN MESTRAS,,grand_prix,
2026-06-13,2026-06-14,Grand Prix de Metz Chérisey,CHERISEY,,grand_prix,
2026-06-13,2026-06-14,Grand Prix de Mignaloux,MIGNALOUX BEAUVOIR,,grand_prix,
2026-06-13,2026-06-14,Grand Prix du Rhône,CHASSIEU,,grand_prix,
2026-06-13,2026-06-14,Grand Prix du Sart - Dames Wallaert Devilder,VILLENEUVE D'ASCQ,Dames,grand_prix,
2026-06-13,2026-06-14,Grand Prix du Sart - Messieurs Wallaert Devilder,VILLENEUVE D'ASCQ,,grand_prix,
2026-06-14,2026-06-14,COUPE AS DRONE SOLUTIONS,ESPALAIS,,club,Espalais
2026-06-14,2026-06-14,JUNIOR SERIES 4,PLAISANCE DU TOUCH,,club,teoula
2026-06-14,2026-06-14,OPEN CEREZO & CLUB MED 2026,VIEILLE TOULOUSE,,club,vieille_toulouse
2026-06-14,2026-06-14,OPEN DES ABONNÉS,ROQUES,,club,lou_verdai
2026-06-14,2026-06-14,OPEN DES ABONNÉS,ROQUES,,club,vieille_toulouse
2026-06-14,2026-06-14,WININCUP 2026,MONTAUBAN,,club,Montauban
2026-06-17,2026-06-17,COMPÉTITION DE CLASSEMENT / BIODIVERSITÉ - 16 PARCOURS JAUNE - SWC,SEILH,,club,seilh
2026-06-18,2026-06-18,APPRENTIS D'AUTEUIL 3IÈME ÉDITION,PLAISANCE DU TOUCH,,club,teoula
2026-06-19,2026-06-19,TROPHEE QUERCY CLIMATER 2026,MONTAUBAN,,club,Montauban
2026-06-20,2026-06-20,COMPÉTITION PEUGEOT PICARD - SCRAMBLE À 2 - SAMEDI,VIEILLE TOULOUSE,,club,vieille_toulouse
2026-06-20,2026-06-20,COMPÉTITIONS THALES,PLAISANCE DU TOUCH,,club,teoula
2026-06-20,2026-06-21,Grand Prix Jeunes Majeur Filles U14,LA CHEVILLOTTE,U14,grand_prix_jeunes,
2026-06-20,2026-06-21,Grand Prix Jeunes Majeur Garçons U14,LA CHEVILLOTTE,U14,grand_prix_jeunes,
2026-06-20,2026-06-21,Grand Prix Jeunes Majeur U14,LA CHEVILLOTTE,U14,grand_prix_jeunes,
2026-06-20,2026-06-21,Grand Prix Jeunes de Thumeries,THUMERIES,,grand_prix_jeunes,
2026-06-20,2026-06-21,Grand Prix de Mennecy Chevannes,CHEVANNES,,grand_prix,
2026-06-21,2026-06-21,21/06 CLASSEMENT SWC,ESPALAIS,,club,Espalais
2026-06-21,2026-06-21,COMPÉTITION PEUGEOT PICARD - SCRAMBLE À 2 - DIMANCHE,VIEILLE TOULOUSE,,club,vieille_toulouse
2026-06-21,2026-06-21,DS AUTOMOBILES,PLAISANCE DU TOUCH,,club,teoula
2026-06-22,2026-06-22,22/06 CLASSEMENT SWC,ESPALAIS,,club,Espalais
2026-06-24,2026-06-24,COMPÉTITION DE CLASSEMENT / BIODIVERSITÉ - 17 PARCOURS ROUGE - SWC,SEILH,,club,seilh
2026-06-26,2026-06-28,Grand Prix de Strasbourg,ILLKIRCH GRAFFENSTADEN,,grand_prix,
2026-06-27,2026-06-27,5ÈME FRIENDLY CUP BY LECLERC - 2026,MONTAUBAN,,club,Montauban
2026-06-27,2026-06-27,QUALIFICATIONS AMUNDI EVIAN KIDS CUP 2026,VIEILLE TOULOUSE,,club,vieille_toulouse
2026-06-27,2026-06-28,Grand Prix Forêt de Chantilly,VINEUIL SAINT FIRMIN,,grand_prix,
2026-06-27,2026-06-28,Grand Prix Jeunes d'Avoise,MONTCHANIN,,grand_prix_jeunes,
2026-06-27,2026-06-28,Grand Prix Jeunes de Montpensier,SERBANES,,grand_prix_jeunes,
2026-06-27,2026-06-28,Grand Prix Jeunes du Bois Chenu U12 - Benjamins,BARCELONNETTE,U12 - Benjamins,grand_prix_jeunes,
2026-06-27,2026-06-28,Grand Prix de Champlong,VILLEREST,,grand_prix,
2026-06-27,2026-06-28,Grand Prix de Cély,CELY EN BIERE,,grand_prix,
2026-06-27,2026-06-28,Grand Prix de Ste Maxime,SAINTE MAXIME,,grand_prix,
2026-06-29,2026-06-29,CIRCUIT SENIOR OCCITAN,PLAISANCE DU TOUCH,Seniors,club,teoula
2026-06-30,2026-06-30,CIRCUIT SENIOR OCCITAN,PLAISANCE DU TOUCH,Seniors,club,teoula
2026-07-01,2026-07-01,CIRCUIT SENIOR OCCITAN,PLAISANCE DU TOUCH,Seniors,club,teoula
2026-07-02,2026-07-02,CIRCUIT SENIOR OCCITAN,PLAISANCE DU TOUCH,Seniors,club,teoula
2026-07-02,2026-07-05,Grand Prix de Chiberta,ANGLET,,grand_prix,
2026-07-03,2026-07-05,Classic du Prieuré,SAILLY,,grand_prix,
2026-07-03,2026-07-05,Grand Prix de Massane,BAILLARGUES,,grand_prix,
2026-07-03,2026-07-05,Grand Prix du GCL,VILLETTE D'ANTHON,,grand_prix,
2026-07-03,2026-07-05,Grand Prix du Val de Sorne,VERNANTOIS,,grand_prix,
2026-07-04,2026-07-04,BMW PELRAS JUNIOR CUP 9T,VIEILLE TOULOUSE,,club,vieille_toulouse
2026-07-04,2026-07-04,JUNIORS SERIES 5,PLAISANCE DU TOUCH,,club,teoula
2026-07-04,2026-07-05,Grand Prix Jeunes d'Ozoir,OZOIR LA FERRIERE,,grand_prix_jeunes,
2026-07-04,2026-07-05,Grand Prix Jeunes de Castres U12,CASTRES,U12,grand_prix_jeunes,
2026-07-04,2026-07-05,Grand Prix Jeunes de Valgarde,LA GARDE,,grand_prix_jeunes,
2026-07-04,2026-07-05,Grand Prix Jeunes de l'Odet,BENODET,,grand_prix_jeunes,
2026-07-04,2026-07-05,Grand Prix de Cabourg le Home,VARAVILLE,,grand_prix,
2026-07-04,2026-07-05,Grand Prix de Lille Métropole Trophée Jean-Marc Komen,RONCHIN,,grand_prix,
2026-07-04,2026-07-05,Grand Prix de Lésigny Corbuches,LESIGNY,,grand_prix,
2026-07-04,2026-07-05,Grand Prix de Royan,SAINT PALAIS SUR MER,,grand_prix,
2026-07-04,2026-07-05,Grand Prix de Vendée,NESMY,,grand_prix,
2026-07-04,2026-07-05,Grand Prix des Ormes,DOL DE BRETAGNE,,grand_prix,
2026-07-11,2026-07-12,Grand Prix de Bethemont,POISSY,,grand_prix,
2026-07-11,2026-07-12,Grand Prix de Val Quéven,QUEVEN,,grand_prix,
2026-07-11,2026-07-12,Grand Prix du Sauternais,SAINT PARDON DE CONQUES,,grand_prix,
2026-07-12,2026-07-12,12/07 CLASSEMENT SWC,ESPALAIS,,club,Espalais
2026-07-12,2026-07-14,Grand Prix de Troyes,CHAOURCE,,grand_prix,
2026-07-13,2026-07-13,13/07 CLASSEMENT SWC,ESPALAIS,,club,Espalais
2026-07-16,2026-07-19,Grand Prix des Landes Hossegor,HOSSEGOR,,grand_prix,
2026-07-17,2026-07-19,Grand Prix de Gap Bayard,GAP,,grand_prix,
2026-07-17,2026-07-19,Grand Prix de La Bresse,CONDEISSIAT,,grand_prix,
2026-07-17,2026-07-19,Grand Prix de la Côte d'Albâtre,OCTEVILLE SUR MER,,grand_prix,
2026-07-18,2026-07-19,Grand Prix Jeunes de Chartres U12,FONTENAY SUR EURE,U12,grand_prix_jeunes,
2026-07-18,2026-07-19,Grand Prix de Bussy Guermantes,BUSSY SAINT GEORGES,,grand_prix,
2026-07-18,2026-07-19,Grand Prix de Cheverny,CHEVERNY,,grand_prix,
2026-07-18,2026-07-19,Grand Prix de Ploemeur Océan,PLOEMEUR,,grand_prix,
2026-07-18,2026-07-19,Grand Prix des Tumulus,LALOUBERE,,grand_prix,
2026-07-23,2026-07-26,Grand Prix de la Biarritz Cup,BIARRITZ,,grand_prix,
2026-07-24,2026-07-26,Grand Prix d'Apremont,APREMONT,,grand_prix,
2026-07-24,2026-07-26,Grand Prix de Montauban l'Estang,MONTAUBAN,,grand_prix,
2026-07-24,2026-07-26,Grand Prix de la Baule,SAINT ANDRE DES EAUX,,grand_prix,
2026-07-25,2026-07-25,COMPÉTITION AIRBUS GOLF SOCIETY 2026,VIEILLE TOULOUSE,,club,vieille_toulouse
2026-07-30,2026-08-02,Grand Prix de Pau Golf Club 1856,BILLERE,,grand_prix,
2026-07-31,2026-08-02,Grand Prix des Aisses,LA FERTE SAINT-AUBIN,,grand_prix,
2026-08-01,2026-08-02,Grand Prix Jeunes de Saintes,FONTCOUVERTE,,grand_prix_jeunes,
2026-08-01,2026-08-02,Grand Prix de Belle Dune,FORT MAHON PLAGE,,grand_prix,
2026-08-01,2026-08-02,Grand Prix de Cognac,SAINT BRICE,,grand_prix,
2026-08-01,2026-08-02,Grand Prix du Coudray,LE COUDRAY MONTCEAUX,,grand_prix,
2026-08-08,2026-08-09,Grand Prix d'Etiolles,ETIOLLES,,grand_prix,
2026-08-11,2026-08-12,Grand Prix Jeunes de Saint Julien,SAINT JULIEN SUR CALONNE,,grand_prix_jeunes,
2026-08-11,2026-08-15,Grand Prix de Bretagne,SAINT BRIAC SUR MER,,grand_prix,
2026-08-12,2026-08-13,Grand Prix Jeunes des Trois Vallons U12,L'ISLE D'ABEAU,U12,grand_prix_jeunes,
2026-08-14,2026-08-16,Grand Prix de Valgarde,LA GARDE,,grand_prix,
2026-08-19,2026-08-20,Grand Prix Jeunes de Baden,BADEN,,grand_prix_jeunes,
2026-08-21,2026-08-23,Grand Prix de Granville,BREVILLE SUR MER,,grand_prix,
2026-08-21,2026-08-23,Grand Prix de Rougemont,ROUGEMONT LE CHATEAU,,grand_prix,
2026-08-21,2026-08-23,Grand Prix de la Grange aux Ormes,MARLY,,grand_prix,
2026-08-21,2026-08-23,Grand Prix du Médoc,LE PIAN MEDOC,,grand_prix,
2026-08-21,2026-08-23,Grand Prix du Sporting de Vichy,BELLERIVE SUR ALLIER,,grand_prix,
2026-08-22,2026-08-23,Grand Prix Jeunes d'Hardelot,NEUFCHATEL HARDELOT,,grand_prix_jeunes,
2026-08-22,2026-08-23,Grand Prix Jeunes de Périgueux,MARSAC SUR L'ISLE,,grand_prix_jeunes,
2026-08-22,2026-08-23,Grand Prix d'Ableiges,ABLEIGES,,grand_prix,
2026-08-22,2026-08-23,Grand Prix de Belleme St Martin,BELLEME,,grand_prix,
2026-08-22,2026-08-23,Grand Prix de Guérande,GUERANDE,,grand_prix,
2026-08-24,2026-08-26,Grand Prix Jeunes Majeur Filles U14,EVIAN LES BAINS,U14,grand_prix_jeunes,
2026-08-24,2026-08-26,Grand Prix Jeunes Majeur Garçons U14,EVIAN LES BAINS,U14,grand_prix_jeunes,
2026-08-24,2026-08-26,Grand Prix Jeunes Majeur U14,EVIAN LES BAINS,U14,grand_prix_jeunes,
2026-08-25,2026-08-26,Grand Prix Jeunes de La Baule,SAINT ANDRE DES EAUX,,grand_prix_jeunes,
2026-08-27,2026-08-28,Grand Prix Jeunes de Roissy,ROISSY EN FRANCE,,grand_prix_jeunes,
2026-08-28,2026-08-28,COMPÉTITION CLIN D'OEIL - AUDITION VALES - SCRAMBLE À 2 - VENDREDI,VIEILLE TOULOUSE,,club,vieille_toulouse
2026-08-28,2026-08-28,COMPÉTITION CLIN D'OEIL - AUDITION VALES - SIMPLE - VENDREDI,VIEILLE TOULOUSE,,club,vieille_toulouse
2026-08-28,2026-08-29,Grand Prix Jeunes de Limère,ARDON,,grand_prix_jeunes,
2026-08-28,2026-08-30,Grand Prix de Saint Germain,SAINT GERMAIN EN LAYE,,grand_prix,
2026-08-28,2026-08-30,Grand Prix de l'Ecogolf Ariège Pyrénées,LA BASTIDE DE SEROU,,grand_prix,
2026-08-28,2026-08-30,Grand Prix de la Loire Forez,CRAINTILLEUX,,grand_prix,
2026-08-29,2026-08-29,COMPÉTITION CLIN D'OEIL - AUDITION VALES - SCRAMBLE À 2 - SAMEDI,VIEILLE TOULOUSE,,club,vieille_toulouse
2026-08-29,2026-08-29,COMPÉTITION CLIN D'OEIL - AUDITION VALES - SIMPLE - SAMEDI,VIEILLE TOULOUSE,,club,vieille_toulouse
2026-08-29,2026-08-30,Grand Prix Jeunes de Cannes Mougins,MOUGINS,,grand_prix_jeunes,
2026-08-29,2026-08-30,Grand Prix Jeunes de Prunevelle,DAMPIERRE SUR LE DOUBS,,grand_prix_jeunes,
2026-08-29,2026-08-30,Grand Prix de Brigode,VILLENEUVE D'ASCQ,,grand_prix,
2026-08-29,2026-08-30,Grand Prix de Marivaux,JANVRY,,grand_prix,
2026-08-30,2026-08-30,COMPÉTITION CLIN D'OEIL - AUDITION VALES - SCRAMBLE À 2 - DIMANCHE,VIEILLE TOULOUSE,,club,vieille_toulouse
2026-08-30,2026-08-30,COMPÉTITION CLIN D'OEIL - AUDITION VALES - SIMPLE - DIMANCHE,VIEILLE TOULOUSE,,club,vieille_toulouse
2026-09-05,2026-09-06,Grand Prix Jeunes de Caen la Mer,BIEVILLE BEUVILLE,,grand_prix_jeunes,
2026-09-05,2026-09-06,Grand Prix Jeunes de Valence St Didier U12 - Benjamins,CHARPEY,U12 - Benjamins,grand_prix_jeunes,
2026-09-05,2026-09-06,Grand Prix d'Ozoir-la-Ferrrière,OZOIR LA FERRIERE,,grand_prix,
2026-09-05,2026-09-06,Grand Prix de Mormal Trophée Adrien Cheval,PREUX AU SART,,grand_prix,
2026-09-05,2026-09-06,Grand Prix de St Laurent,AURAY,,grand_prix,
2026-09-05,2026-09-06,Grand Prix de Tours Ardrée,SAINT ANTOINE DU ROCHER,,grand_prix,
2026-09-05,2026-09-06,Grand Prix du Bordelais Trophée Frédéric Blanchard Dignac,BORDEAUX,,grand_prix,
2026-09-05,2026-09-06,Grand Prix du Clou,VILLARS LES DOMBES,,grand_prix,
2026-09-11,2026-09-11,7ÈME TROPHEE FAUCHE,MONTAUBAN,,club,Montauban
2026-09-11,2026-09-13,Grand Prix d'Albi,ALBI,,grand_prix,
2026-09-11,2026-09-13,Grand Prix de Valcros,LA LONDE LES MAURES,,grand_prix,
2026-09-11,2026-09-13,Grand Prix des Volcans,ORCINES,,grand_prix,
2026-09-12,2026-09-13,Grand Prix National U12,SAINT JEAN DE MONTS,U12,grand_prix_jeunes,
2026-09-12,2026-09-13,Grand Prix d'Ormesson,ORMESSON SUR MARNE,,grand_prix,
2026-09-12,2026-09-13,Grand Prix de Lacanau,LACANAU,,grand_prix,
2026-09-12,2026-09-13,Grand Prix de Mazières en Gâtines,MAZIERES EN GATINE,,grand_prix,
2026-09-12,2026-09-13,Grand Prix des Templiers,IVRY LE TEMPLE,,grand_prix,
2026-09-13,2026-09-13,COUPE DES ENTREPRENEURS 2026 - SIMPLE (COPY),VIEILLE TOULOUSE,,club,vieille_toulouse
2026-09-18,2026-09-20,Grand Prix PGA France du Vaudreuil,LE VAUDREUIL,,grand_prix,
2026-09-18,2026-09-20,Grand Prix du Luberon,PIERREVERT,,grand_prix,
2026-09-19,2026-09-19,GALVANI BORDE ROUGE CUP 2026 - SAMEDI,VIEILLE TOULOUSE,,club,vieille_toulouse
2026-09-19,2026-09-20,Grand Prix Jeunes d'Albi,ALBI,,grand_prix_jeunes,
2026-09-19,2026-09-20,Grand Prix Jeunes de Marcilly,MARCILLY EN VILLETTE,,grand_prix_jeunes,
2026-09-19,2026-09-20,Grand Prix d'Albon,ALBON,,grand_prix,
2026-09-19,2026-09-20,Grand Prix de Fourqueux,FOURQUEUX,,grand_prix,
2026-09-19,2026-09-20,Grand Prix de Limoges,LIMOGES,,grand_prix,
2026-09-19,2026-09-20,Grand Prix de Pessac,PESSAC,,grand_prix,
2026-09-19,2026-09-20,Grand Prix de Raray Trophée Tony Lloyd,RARAY,,grand_prix,
2026-09-19,2026-09-20,Grand Prix de Sénart,ST PIERRE DU PERRAY,,grand_prix,
2026-09-19,2026-09-20,Grand Prix de Touraine,BALLAN MIRE,,grand_prix,
2026-09-20,2026-09-20,GALVANI BORDE ROUGE CUP 2026 - DIMANCHE,VIEILLE TOULOUSE,,club,vieille_toulouse
2026-09-24,2026-09-24,GOLF BY NIGHT 2026,VIEILLE TOULOUSE,,club,vieille_toulouse
2026-09-24,2026-09-26,Grand Prix de Prunevelle,DAMPIERRE SUR LE DOUBS,,grand_prix,
2026-09-25,2026-09-27,Grand Prix de Roissy,ROISSY EN FRANCE,,grand_prix,
2026-09-25,2026-09-27,Grand Prix de St Malo,LE TRONCHET,,grand_prix,
2026-09-25,2026-09-27,Grand Prix du Gouverneur,MONTHIEUX,,grand_prix,
2026-09-26,2026-09-26,CHALLENGE AFG AIRBUS 2026,MONTAUBAN,,club,Montauban
2026-09-26,2026-09-27,Grand Prix Jeunes d'Aix-Marseille,LES MILLES,,grand_prix_jeunes,
2026-09-26,2026-09-27,Grand Prix Jeunes de Bourgenay,TALMONT SAINT HILAIRE,,grand_prix_jeunes,
2026-09-26,2026-09-27,Grand Prix Jeunes de La Porcelaine,PANAZOL,,grand_prix_jeunes,
2026-09-26,2026-09-27,Grand Prix Jeunes de Quetigny,QUETIGNY,,grand_prix_jeunes,
2026-09-26,2026-09-27,Grand Prix Jeunes du Lys Chantilly U12 - Benjamins,LAMORLAYE,U12 - Benjamins,grand_prix_jeunes,
2026-09-26,2026-09-27,Grand Prix de La Prée la Rochelle,MARSILLY,,grand_prix,
2026-09-26,2026-09-27,Grand Prix de l'Ailette,CERNY EN LAONNOIS,,grand_prix,
2026-09-26,2026-09-27,Grand Prix de la Métropole du Mans,SARGE LES LE MANS,,grand_prix,
2026-09-26,2026-09-27,Grand Prix des Bouleaux,WITTELSHEIM,,grand_prix,
2026-09-26,2026-09-27,Grand Prix du Château des Vigiers,MONESTIER,,grand_prix,
2026-09-26,2026-09-27,Grand Prix du UGOLF Toulouse La Ramée,TOURNEFEUILLE,,grand_prix,
2026-09-29,2026-09-29,COMPÉTITION PRIVÉE NGE 2026,VIEILLE TOULOUSE,,club,vieille_toulouse
2026-10-01,2026-10-01,COMPÉTITION OCTOBRE ROSE 2026,VIEILLE TOULOUSE,,club,vieille_toulouse
2026-10-01,2026-10-03,Open d'Arcachon,LA TESTE,,grand_prix,
2026-10-02,2026-10-04,Grand Prix MESSIEURS de Chamonix Trophée Maurice Herzog,LES PRAZ DE CHAMONIX,,grand_prix,
2026-10-03,2026-10-03,TROPHÉE CARRÉ BARAGNON 2026 - SAMEDI,VIEILLE TOULOUSE,,club,vieille_toulouse
2026-10-03,2026-10-04,Grand Prix Jeunes d'Augerville,AUGERVILLE LA RIVIERE,,grand_prix_jeunes,
2026-10-03,2026-10-04,Grand Prix de Cicé Blossac,BRUZ,,grand_prix,
2026-10-03,2026-10-04,Grand Prix de Gadancourt,GADANCOURT,,grand_prix,
2026-10-03,2026-10-04,Grand Prix de La Chassagne,MALAIN,,grand_prix,
2026-10-03,2026-10-04,Grand Prix de Mortemart,MORTEMART,,grand_prix,
2026-10-03,2026-10-04,Grand Prix de Niort,NIORT,,grand_prix,
2026-10-04,2026-10-04,TROPHÉE CARRÉ BARAGNON 2026 - DIMANCHE,VIEILLE TOULOUSE,,club,vieille_toulouse
2026-10-06,2026-10-06,COMPÉTITION PRIVÉE - CLUB DES 100,VIEILLE TOULOUSE,,club,vieille_toulouse
2026-10-09,2026-10-11,Grand Prix de Val Grand,BONDOUFLE,,grand_prix,
2026-10-09,2026-10-11,Grand Prix de Valescure Trophée Jean-Louis JURION,SAINT RAPHAEL,,grand_prix,
2026-10-09,2026-10-11,Grand Prix de la Côte d'Opale,LE TOUQUET PARIS PLAGE,,grand_prix,
2026-10-10,2026-10-10,JUNIOR SERIES 6,PLAISANCE DU TOUCH,,club,teoula
2026-10-10,2026-10-10,OPEN GENERALI - PWC - SHAMBLE A 2 - SAMEDI,VIEILLE TOULOUSE,,club,vieille_toulouse
2026-10-10,2026-10-10,OPEN GENERALI - PWC - SIMPLE - SAMEDI,VIEILLE TOULOUSE,,club,vieille_toulouse
2026-10-10,2026-10-11,Grand Prix Jeunes de Rennes St Jacques,SAINT JACQUES DE LA LANDE,,grand_prix_jeunes,
2026-10-10,2026-10-11,Grand Prix Jeunes de l'Ariège,LA BASTIDE DE SEROU,,grand_prix_jeunes,
2026-10-10,2026-10-11,Grand Prix de la Ligue de Normandie,LE CASTELET,,grand_prix,
2026-10-10,2026-10-11,Grand Prix du Château d'Allot,BOE,,grand_prix,
2026-10-10,2026-10-11,Grand Prix du Val de l'Indre,VILLEDIEU SUR INDRE,,grand_prix,
2026-10-11,2026-10-11,OPEN GENERALI - PWC - SIMPLE - DIMANCHE,VIEILLE TOULOUSE,,club,vieille_toulouse
2026-10-11,2026-10-11,OPEN GENERALI - PWC / SHAMBLE A 2 - DIMANCHE,VIEILLE TOULOUSE,,club,vieille_toulouse
2026-10-13,2026-10-13,CIRCUIT SENIOR OCCITAN J1 - MONTAUBAN L'ESTANG,MONTAUBAN,Seniors,club,Montauban
2026-10-14,2026-10-14,CIRCUIT SENIOR OCCITAN J2 - MONTAUBAN L'ESTANG,MONTAUBAN,Seniors,club,Montauban
2026-10-15,2026-10-15,CIRCUIT SENIOR OCCITAN J3 - MONTAUBAN L'ESTANG,MONTAUBAN,Seniors,club,Montauban
2026-10-17,2026-10-17,CHAMPIONNAT DU CLUB 2026 - SIMPLE,VIEILLE TOULOUSE,,club,vieille_toulouse
2026-10-17,2026-10-18,Grand Prix de Béziers Saint Thomas,BEZIERS,,grand_prix,
2026-10-17,2026-10-18,Grand Prix de MURTOLI,SARTENE,,grand_prix,
2026-10-17,2026-10-18,Grand Prix de Mont Griffon,LUZARCHES,,grand_prix,
2026-10-17,2026-10-18,Grand Prix de Sablé Solesmes,SABLE SUR SARTHE,,grand_prix,
2026-10-17,2026-10-18,Grand Prix de Villeneuve sur Lot,CASTELNAUD DE GRATECAMBE,,grand_prix,
2026-10-23,2026-10-25,Grand Prix des 24h Le Mans,MULSANNE,,grand_prix,
2026-10-27,2026-10-28,Grand Prix Jeunes du Touquet Benjamins - Minimes,LE TOUQUET PARIS PLAGE,Benjamins - Minimes,grand_prix_jeunes,
2026-10-27,2026-10-28,Grand Prix Jeunes du Touquet U12,LE TOUQUET PARIS PLAGE,U12,grand_prix_jeunes,
2026-10-28,2026-10-29,Grand Prix Jeunes de Digne les Bains,DIGNE LES BAINS,,grand_prix_jeunes,
2026-10-28,2026-10-29,Grand Prix Jeunes de Saint-Cloud U12,GARCHES,U12,grand_prix_jeunes,
2026-10-28,2026-10-29,Grand Prix Jeunes de Saint-Germain Benjamins - Minimes,SAINT GERMAIN EN LAYE,Benjamins - Minimes,grand_prix_jeunes,
2026-10-30,2026-11-01,Grand Prix d'Albret Trophée Bernard Betuing,BARBASTE,,grand_prix,
2026-10-30,2026-11-01,Grand Prix du Domaine de Manville,LES BAUX DE PROVENCE,,grand_prix,
2026-10-31,2026-11-01,Grand Prix Jeunes LRGR de Bourbon,LA REUNION,,grand_prix_jeunes,
2026-10-31,2026-11-01,Grand Prix Jeunes de Pau Artiguelouve Benjamins,ARTIGUELOUVE,Benjamins,grand_prix_jeunes,
2026-10-31,2026-11-01,Grand Prix Jeunes du Pau Golf Club U12,BILLERE,U12,grand_prix_jeunes,
2026-10-31,2026-11-01,Grand Prix de Ligue de Bourbon,LA REUNION,,grand_prix,
2026-11-06,2026-11-08,Grand Prix Messieurs de la Ligue PACA,LES MILLES,,grand_prix,
2026-11-07,2026-11-08,Grand Prix Jeunes de La Valdaine U12,MONTBOUCHER SUR JABRON,U12,grand_prix_jeunes,
2026-11-08,2026-11-08,TROPHEE JORIGNE 2026,MONTAUBAN,,club,Montauban
2026-11-14,2026-11-14,COUPE DU PERSONNEL - SAMEDI DOUBLE 18T,VIEILLE TOULOUSE,,club,vieille_toulouse
2026-11-14,2026-11-14,COUPE DU PERSONNEL - SAMEDI DOUBLE 5T,VIEILLE TOULOUSE,,club,vieille_toulouse
2026-11-14,2026-11-14,COUPE DU PERSONNEL - SAMEDI DOUBLE 9T,VIEILLE TOULOUSE,,club,vieille_toulouse
2026-11-14,2026-11-14,COUPE DU PERSONNEL - SAMEDI SIMPLE,VIEILLE TOULOUSE,,club,vieille_toulouse
2026-11-14,2026-11-15,Grand Prix de Roquebrune,ROQUEBRUNE SUR ARGENS,,grand_prix,
2026-11-15,2026-11-15,COUPE DU PERSONNEL - DIMANCHE DOUBLE 18T,VIEILLE TOULOUSE,,club,vieille_toulouse
2026-11-15,2026-11-15,COUPE DU PERSONNEL - DIMANCHE DOUBLE 5T,VIEILLE TOULOUSE,,club,vieille_toulouse
2026-11-15,2026-11-15,COUPE DU PERSONNEL - DIMANCHE DOUBLE 9T,VIEILLE TOULOUSE,,club,vieille_toulouse
2026-11-15,2026-11-15,COUPE DU PERSONNEL - DIMANCHE SIMPLE,VIEILLE TOULOUSE,,club,vieille_toulouse
2026-11-20,2026-11-22,Grand Prix du Cap d’Agde,CAP D'AGDE,,grand_prix,
2026-11-21,2026-11-22,Grand Prix Jeunes de Terre Blanche Benjamins,TOURRETTES,Benjamins,grand_prix_jeunes,
2026-11-28,2026-11-28,AM-AM MEMBRES 2026 - APRÈS-MIDI,VIEILLE TOULOUSE,,club,vieille_toulouse
2026-11-28,2026-11-28,AM-AM MEMBRES 2026 - MATIN,VIEILLE TOULOUSE,,club,vieille_toulouse
2026-11-29,2026-11-29,AM-AM DES PARTENAIRES 2026,VIEILLE TOULOUSE,,club,vieille_toulouse
