id,date_start,date_end,event_name,city,golf_course,department,department_code,latitude,longitude,age_category,source,club_file,driving_minutes,distance_km,distance_category,total_days,hotel_nights,cost_meals,cost_hotel,cost_ev,cost_tolls,cost_entry,cost_total
b58c79e9,2026-01-01,2026-01-01,LIGUE PARTENAIRES 2026,VIEILLE TOULOUSE,GOLF CLUB DE TOULOUSE,Haute-Garonne,31,43.535,1.4375,,club,vieille_toulouse,30,24,local,1,0,10.0,0.0,1.92,2.69,10.0,24.61
076c68a5,2026-01-08,2026-01-08,GOLF LOU VERDAI STEPH,ROQUES,UGOLF LOU VERDAI,Haute-Garonne,31,43.5109039,1.3755068,,club,lou_verdai,19,14,local,1,0,10.0,0.0,1.12,1.57,10.0,22.69
9f25e54d,2026-01-11,2026-01-11,COUPE DE L'ÉPIPHANIE 2026 - SCRAMBLE À 4,VIEILLE TOULOUSE,GOLF CLUB DE TOULOUSE,Haute-Garonne,31,43.535,1.4375,,club,vieille_toulouse,30,24,local,1,0,10.0,0.0,1.92,2.69,10.0,24.61
f3d12360,2026-01-17,2026-01-17,MATCH-PLAYS HIVERNAUX,VIEILLE TOULOUSE,GOLF CLUB DE TOULOUSE,Haute-Garonne,31,43.535,1.4375,,club,vieille_toulouse,30,24,local,1,0,10.0,0.0,1.92,2.69,10.0,24.61
8163a9d9,2026-01-18,2026-01-18,COMPÉTITION DES ROIS,ROQUES,UGOLF LOU VERDAI,Haute-Garonne,31,43.5109039,1.3755068,,club,lou_verdai,19,14,local,1,0,10.0,0.0,1.12,1.57,10.0,22.69
e0141a0c,2026-01-31,2026-01-31,COUPE DE LA CHANDELEUR AS,SEILH,UGOLF TOULOUSE SEILH,Haute-Garonne,31,43.694573,1.3534881,,club,seilh,31,26,local,1,0,10.0,0.0,2.08,2.91,10.0,24.99
adcb4e8f,2026-02-01,2026-02-01,COMPÉTITION DE LA CHANDELEUR,TOURNEFEUILLE,UGOLF LA RAMEE,Haute-Garonne,31,43.5832062,1.3460025,,club,la_ramee,16,11,local,1,0,10.0,0.0,0.88,1.23,10.0,22.11
fa06d66c,2026-02-04,2026-02-04,CHANDELEUR CUP - EDG,VIEILLE TOULOUSE,GOLF CLUB DE TOULOUSE,Haute-Garonne,31,43.535,1.4375,,club,vieille_toulouse,30,24,local,1,0,10.0,0.0,1.92,2.69,10.0,24.61
7b4c71a2,2026-02-07,2026-02-07,CHANDELEUR CUP - EDG - 5T,VIEILLE TOULOUSE,GOLF CLUB DE TOULOUSE,Haute-Garonne,31,43.535,1.4375,,club,vieille_toulouse,30,24,local,1,0,10.0,0.0,1.92,2.69,10.0,24.61
13b46334,2026-02-07,2026-02-07,CHANDELEUR CUP - EDG - 9 TROUS (INITIALEMENT INSCRITS SUR 18 TROUS),VIEILLE TOULOUSE,GOLF CLUB DE TOULOUSE,Haute-Garonne,31,43.535,1.4375,,club,vieille_toulouse,30,24,local,1,0,10.0,0.0,1.92,2.69,10.0,24.61
dfcdc302,2026-02-07,2026-02-07,CHANDELEUR CUP - EDG - 9T,VIEILLE TOULOUSE,GOLF CLUB DE TOULOUSE,Haute-Garonne,31,43.535,1.4375,,club,vieille_toulouse,30,24,local,1,0,10.0,0.0,1.92,2.69,10.0,24.61
336bce85,2026-02-07,2026-02-07,JUNIORS SÉRIES,BUZET-SUR-TARN,GOLF COUNTRY CLUB DE PALMOLA,Haute-Garonne,31,43.7793427,1.6323299,,club,Palmola,51,54,local,1,0,10.0,0.0,4.32,6.05,10.0,30.37
28a4fafd,2026-02-08,2026-02-08,COMPÉTITION DE LA CHANDELEUR,ROQUES,UGOLF LOU VERDAI,Haute-Garonne,31,43.5109039,1.3755068,,club,lou_verdai,19,14,local,1,0,10.0,0.0,1.12,1.57,10.0,22.69
d3353bd0,2026-02-08,2026-02-08,COMPETITION SCRAMBLE,DREMIL LAFAGE,GOLF ESTOLOSA,Haute-Garonne,31,43.5969276,1.6013136,,club,Estalosa,49,47,local,1,0,10.0,0.0,3.76,5.26,10.0,29.02
e2869f59,2026-02-15,2026-02-15,COMPÉTITION DE LA CHANDELEUR,ROQUES,UGOLF LOU VERDAI,Haute-Garonne,31,43.5109039,1.3755068,,club,lou_verdai,19,14,local,1,0,10.0,0.0,1.12,1.57,10.0,22.69
33877629,2026-02-15,2026-02-15,CHANDELEUR CUP,VIEILLE TOULOUSE,GOLF CLUB DE TOULOUSE,Haute-Garonne,31,43.535,1.4375,,club,vieille_toulouse,30,24,local,1,0,10.0,0.0,1.92,2.69,10.0,24.61
6d8f1428,2026-02-18,2026-02-18,CLASSEMENT (COPY),CASTRES,GOLF DE CASTRES-GOURJADE,Tarn,81,43.6053809,2.2411289,,club,Castres,100,107,local,1,0,10.0,0.0,8.56,11.98,10.0,40.54
ef6aa588,2026-02-19,2026-02-19,CLUB DES PARTENAIRES,BUZET-SUR-TARN,GOLF COUNTRY CLUB DE PALMOLA,Haute-Garonne,31,43.7793427,1.6323299,,club,Palmola,51,54,local,1,0,10.0,0.0,4.32,6.05,10.0,30.37
73025c38,2026-02-21,2026-02-21,ACCESS GOLF RACE #EDG,SEILH,UGOLF TOULOUSE SEILH,Haute-Garonne,31,43.694573,1.3534881,,club,seilh,31,26,local,1,0,10.0,0.0,2.08,2.91,10.0,24.99
ec9ade6b,2026-02-21,2026-02-21,ACCESS GOLF RACE BIS #EDG,SEILH,UGOLF TOULOUSE SEILH,Haute-Garonne,31,43.694573,1.3534881,,club,seilh,31,26,local,1,0,10.0,0.0,2.08,2.91,10.0,24.99
842c7df6,2026-02-21,2026-02-21,SCRAMBLE À 2 - ADULTES / ENFANTS,VIEILLE TOULOUSE,GOLF CLUB DE TOULOUSE,Haute-Garonne,31,43.535,1.4375,,club,vieille_toulouse,30,24,local,1,0,10.0,0.0,1.92,2.69,10.0,24.61
4884581f,2026-02-26,2026-02-26,DERNIER JEUDI DU MOIS,ALBI,UGOLF ALBI,Tarn,81,43.9277552,2.147899,,club,Albi,78,102,local,1,0,10.0,0.0,8.16,11.42,10.0,39.58
448a643f,2026-02-26,2026-02-28,Grand Prix de Saint Donat,PLAN DE GRASSE,GOLF COUNTRY CLUB DE ST DONAT,Alpes-Maritimes,06,43.6498966,6.9522696,,grand_prix,,365,574,national,4,3,216.0,240.0,45.92,64.29,50.0,616.21
b6daa900,2026-03-01,2026-03-01,COMPETITION DE CLASSEMENT,DREMIL LAFAGE,GOLF ESTOLOSA,Haute-Garonne,31,43.5969276,1.6013136,,club,Estalosa,49,47,local,1,0,10.0,0.0,3.76,5.26,10.0,29.02
6052e3d0,2026-03-01,2026-03-01,SOMABAY WORLD CUP,ALBI,UGOLF ALBI,Tarn,81,43.9277552,2.147899,,club,Albi,78,102,local,1,0,10.0,0.0,8.16,11.42,10.0,39.58
d7746628,2026-03-04,2026-03-04,COMPÉTITION DE CLASSEMENT / BIODIVERSITÉ - 01 PARCOURS JAUNE - SWC,SEILH,UGOLF TOULOUSE SEILH,Haute-Garonne,31,43.694573,1.3534881,,club,seilh,31,26,local,1,0,10.0,0.0,2.08,2.91,10.0,24.99
ee7239d5,2026-03-04,2026-03-04,STAGE VACANCES,VIEILLE TOULOUSE,GOLF CLUB DE TOULOUSE,Haute-Garonne,31,43.535,1.4375,,club,vieille_toulouse,30,24,local,1,0,10.0,0.0,1.92,2.69,10.0,24.61
43df2168,2026-03-05,2026-03-05,STAGE VACANCES,VIEILLE TOULOUSE,GOLF CLUB DE TOULOUSE,Haute-Garonne,31,43.535,1.4375,,club,vieille_toulouse,30,24,local,1,0,10.0,0.0,1.92,2.69,10.0,24.61
6bec59f3,2026-03-06,2026-03-08,Grand Prix de Château l'Arc Trophée Guy PASTOR,FUVEAU,CHATEAU L'ARC GOLF CLUB,Bouches-du-Rhône,13,43.4539098,5.5608088,,grand_prix,,276,430,national,4,3,216.0,240.0,34.4,48.16,50.0,588.56
8619eef7,2026-03-07,2026-03-07,JUNIORSSERIE 07 03,BUZET-SUR-TARN,GOLF COUNTRY CLUB DE PALMOLA,Haute-Garonne,31,43.7793427,1.6323299,,club,Palmola,51,54,local,1,0,10.0,0.0,4.32,6.05,10.0,30.37
ba39c00e,2026-03-07,2026-03-08,Grand Prix de Casteljaloux,CASTELJALOUX,GOLF DE CASTELJALOUX,Lot-et-Garonne,47,44.3142971,0.0880691,,grand_prix,,127,177,regional,3,2,162.0,160.0,14.16,19.82,50.0,405.98
8d9bb47a,2026-03-08,2026-03-08,18 TROUS CLASSANT,VIEILLE TOULOUSE,GOLF CLUB DE TOULOUSE,Haute-Garonne,31,43.535,1.4375,,club,vieille_toulouse,30,24,local,1,0,10.0,0.0,1.92,2.69,10.0,24.61
18f03499,2026-03-08,2026-03-08,9 TROUS CLASSANT,VIEILLE TOULOUSE,GOLF CLUB DE TOULOUSE,Haute-Garonne,31,43.535,1.4375,,club,vieille_toulouse,30,24,local,1,0,10.0,0.0,1.92,2.69,10.0,24.61
7d0e1fbf,2026-03-09,2026-03-09,CARTES JEUNES,CASTRES,GOLF DE CASTRES-GOURJADE,Tarn,81,43.6053809,2.2411289,,club,Castres,100,107,local,1,0,10.0,0.0,8.56,11.98,10.0,40.54
767c208b,2026-03-11,2026-03-11,CARNAVAL CUP - EDG - 5T,VIEILLE TOULOUSE,GOLF CLUB DE TOULOUSE,Haute-Garonne,31,43.535,1.4375,,club,vieille_toulouse,30,24,local,1,0,10.0,0.0,1.92,2.69,10.0,24.61
98985e8d,2026-03-11,2026-03-11,CARNAVAL CUP - EDG - 9T,VIEILLE TOULOUSE,GOLF CLUB DE TOULOUSE,Haute-Garonne,31,43.535,1.4375,,club,vieille_toulouse,30,24,local,1,0,10.0,0.0,1.92,2.69,10.0,24.61
28642229,2026-03-11,2026-03-11,COMPÉTITION DE CLASSEMENT / BIODIVERSITÉ - 02 PARCOURS ROUGE - SWC,SEILH,UGOLF TOULOUSE SEILH,Haute-Garonne,31,43.694573,1.3534881,,club,seilh,31,26,local,1,0,10.0,0.0,2.08,2.91,10.0,24.99
90d85d64,2026-03-12,2026-03-12,9 TROUS CLASSANT,VIEILLE TOULOUSE,GOLF CLUB DE TOULOUSE,Haute-Garonne,31,43.535,1.4375,,club,vieille_toulouse,30,24,local,1,0,10.0,0.0,1.92,2.69,10.0,24.61
ed3f0c02,2026-03-12,2026-03-12,WINTER CUP GCT 18 TROUS,VIEILLE TOULOUSE,GOLF CLUB DE TOULOUSE,Haute-Garonne,31,43.535,1.4375,,club,vieille_toulouse,30,24,local,1,0,10.0,0.0,1.92,2.69,10.0,24.61
84e130cb,2026-03-13,2026-03-15,Grand Prix Elite de Landifornie (Moliets et Seignosse),MOLIETS ET MAA,GOLF DE MOLIETS,Landes,40,43.8487438,-1.359045,,grand_prix,,210,310,regional,4,3,216.0,240.0,24.8,34.72,50.0,565.52
bd42112a,2026-03-14,2026-03-14,CARNAVAL CUP - EDG - 5T,VIEILLE TOULOUSE,GOLF CLUB DE TOULOUSE,Haute-Garonne,31,43.535,1.4375,,club,vieille_toulouse,30,24,local,1,0,10.0,0.0,1.92,2.69,10.0,24.61
3f5982e3,2026-03-14,2026-03-14,CARNAVAL CUP - EDG - 9T,VIEILLE TOULOUSE,GOLF CLUB DE TOULOUSE,Haute-Garonne,31,43.535,1.4375,,club,vieille_toulouse,30,24,local,1,0,10.0,0.0,1.92,2.69,10.0,24.61
01075f48,2026-03-14,2026-03-14,CARNAVAL CUP ADULTES - SCRAMBLE À 4 - SHOT GUN L'APRÈS-MIDI,VIEILLE TOULOUSE,GOLF CLUB DE TOULOUSE,Haute-Garonne,31,43.535,1.4375,,club,vieille_toulouse,30,24,local,1,0,10.0,0.0,1.92,2.69,10.0,24.61
3bffa4ed,2026-03-14,2026-03-14,CARNAVAL CUP ADULTES - SCRAMBLE À 4 - SHOT GUN LE MATIN,VIEILLE TOULOUSE,GOLF CLUB DE TOULOUSE,Haute-Garonne,31,43.535,1.4375,,club,vieille_toulouse,30,24,local,1,0,10.0,0.0,1.92,2.69,10.0,24.61
d0121252,2026-03-14,2026-03-14,CARNAVAL CUP EDG - 9 TROUS (DÉPARTS PLUS TARDIF),VIEILLE TOULOUSE,GOLF CLUB DE TOULOUSE,Haute-Garonne,31,43.535,1.4375,,club,vieille_toulouse,30,24,local,1,0,10.0,0.0,1.92,2.69,10.0,24.61
584c32ec,2026-03-14,2026-03-14,CHAMPIONNAT DU TARN INDIVIDUEL,ALBI,UGOLF ALBI,Tarn,81,43.9277552,2.147899,,club,Albi,78,102,local,1,0,10.0,0.0,8.16,11.42,10.0,39.58
448e28eb,2026-03-14,2026-03-14,TIS - 14/03/2026,TOURNEFEUILLE,UGOLF LA RAMEE,Haute-Garonne,31,43.5832062,1.3460025,,club,la_ramee,16,11,local,1,0,10.0,0.0,0.88,1.23,10.0,22.11
e8169e31,2026-03-14,2026-03-15,Grand Prix d'Augerville,AUGERVILLE LA RIVIERE,GOLF DU CHATEAU D'AUGERVILLE,Loiret,45,48.2524429,2.4354094,,grand_prix,,416,641,national,3,2,162.0,160.0,51.28,71.79,50.0,495.07
f07bc01c,2026-03-14,2026-03-15,Grand Prix de Barbaroux,BRIGNOLES,GOLF DE BARBAROUX,Var,83,43.4064401,6.0616452,,grand_prix,,299,473,national,3,2,162.0,160.0,37.84,52.98,50.0,462.82
0f8c9251,2026-03-14,2026-03-15,Grand Prix de Souillac,LACHAPELLE AUZAC,SOUILLAC GOLF COUNTRY CLUB,Lot,46,44.9381392,1.4805773,,grand_prix,,136,191,regional,3,2,162.0,160.0,15.28,21.39,50.0,408.67
a13e718f,2026-03-14,2026-03-15,Grand Prix des Chanalets,BOURG LES VALENCE,GOLF CHANALETS BOURG VALENCE,Drôme,26,44.9528222,4.8953847,,grand_prix,,291,472,national,3,2,162.0,160.0,37.76,52.86,50.0,462.62
f2b2ee39,2026-03-14,2026-03-15,Grand Prix du Liberty Country Club,THIVERVAL GRIGNON,LIBERTY COUNTRY CLUB,Yvelines,78,48.8418686,1.9342972,,grand_prix,,446,682,national,3,2,162.0,160.0,54.56,76.38,50.0,502.94
f4f67c76,2026-03-15,2026-03-15,PITCH & PUTT LOU VERDAÏ,ROQUES,UGOLF LOU VERDAI,Haute-Garonne,31,43.5109039,1.3755068,,club,lou_verdai,19,14,local,1,0,10.0,0.0,1.12,1.57,10.0,22.69
e00a6388,2026-03-15,2026-03-15,COMPETITION SCRAMBLE,DREMIL LAFAGE,GOLF ESTOLOSA,Haute-Garonne,31,43.5969276,1.6013136,,club,Estalosa,49,47,local,1,0,10.0,0.0,3.76,5.26,10.0,29.02
0bdbef5e,2026-03-15,2026-03-15,COMPÉTITION ST PATRICK 2026,TOURNEFEUILLE,UGOLF LA RAMEE,Haute-Garonne,31,43.5832062,1.3460025,,club,la_ramee,16,11,local,1,0,10.0,0.0,0.88,1.23,10.0,22.11
5636dc7f,2026-03-15,2026-03-15,COUPE DE LA SAINT PATRICK,BUZET-SUR-TARN,GOLF COUNTRY CLUB DE PALMOLA,Haute-Garonne,31,43.7793427,1.6323299,,club,Palmola,51,54,local,1,0,10.0,0.0,4.32,6.05,10.0,30.37
f0f91457,2026-03-15,2026-03-15,SHOTGUN AFG,SEILH,UGOLF TOULOUSE SEILH,Haute-Garonne,31,43.694573,1.3534881,,club,seilh,31,26,local,1,0,10.0,0.0,2.08,2.91,10.0,24.99
c58d57f6,2026-03-18,2026-03-18,TIS - 18/03/2026,TOURNEFEUILLE,UGOLF LA RAMEE,Haute-Garonne,31,43.5832062,1.3460025,,club,la_ramee,16,11,local,1,0,10.0,0.0,0.88,1.23,10.0,22.11
083aece8,2026-03-19,2026-03-19,CARNAVAL CUP ADULTES,VIEILLE TOULOUSE,GOLF CLUB DE TOULOUSE,Haute-Garonne,31,43.535,1.4375,,club,vieille_toulouse,30,24,local,1,0,10.0,0.0,1.92,2.69,10.0,24.61
1d843334,2026-03-19,2026-03-19,COMPÉTITION DE CLASSEMENT,VIEILLE TOULOUSE,GOLF CLUB DE TOULOUSE,Haute-Garonne,31,43.535,1.4375,,club,vieille_toulouse,30,24,local,1,0,10.0,0.0,1.92,2.69,10.0,24.61
f3ac4e1f,2026-03-20,2026-03-20,42/67 TOULOUSE,ALBI,UGOLF ALBI,Tarn,81,43.9277552,2.147899,,club,Albi,78,102,local,1,0,10.0,0.0,8.16,11.42,10.0,39.58
63e93251,2026-03-20,2026-03-20,CHAMPIONS CUP MARS,BUZET-SUR-TARN,GOLF COUNTRY CLUB DE PALMOLA,Haute-Garonne,31,43.7793427,1.6323299,,club,Palmola,51,54,local,1,0,10.0,0.0,4.32,6.05,10.0,30.37
b84bb942,2026-03-20,2026-03-20,IBM,BUZET-SUR-TARN,GOLF COUNTRY CLUB DE PALMOLA,Haute-Garonne,31,43.7793427,1.6323299,,club,Palmola,51,54,local,1,0,10.0,0.0,4.32,6.05,10.0,30.37
c96b3146,2026-03-20,2026-03-22,41ème Grand Prix de Campagne Trophée Tito LASSALLE,NIMES,GOLF CLUB DE CAMPAGNE,Gard,30,43.8374249,4.3600687,,grand_prix,,205,319,regional,4,3,216.0,240.0,25.52,35.73,50.0,567.25
10f69487,2026-03-20,2026-03-22,Grand Prix de Bordeaux,BORDEAUX,GOLF BLUEGREEN BORDEAUX LAC,Gironde,33,44.841225,-0.5800364,,grand_prix,,175,262,regional,4,3,216.0,240.0,20.96,29.34,50.0,556.3
a5c9cefa,2026-03-21,2026-03-21,9 TROUS CLASSANT,VIEILLE TOULOUSE,GOLF CLUB DE TOULOUSE,Haute-Garonne,31,43.535,1.4375,,club,vieille_toulouse,30,24,local,1,0,10.0,0.0,1.92,2.69,10.0,24.61
4a069073,2026-03-21,2026-03-21,CHPT EQUIPES,BUZET-SUR-TARN,GOLF COUNTRY CLUB DE PALMOLA,Haute-Garonne,31,43.7793427,1.6323299,,club,Palmola,51,54,local,1,0,10.0,0.0,4.32,6.05,10.0,30.37
f1615898,2026-03-21,2026-03-21,CLASSEMENT (COPY) (COPY),CASTRES,GOLF DE CASTRES-GOURJADE,Tarn,81,43.6053809,2.2411289,,club,Castres,100,107,local,1,0,10.0,0.0,8.56,11.98,10.0,40.54
b3925324,2026-03-21,2026-03-21,COMPETITION DE CLASSEMENT,DREMIL LAFAGE,GOLF ESTOLOSA,Haute-Garonne,31,43.5969276,1.6013136,,club,Estalosa,49,47,local,1,0,10.0,0.0,3.76,5.26,10.0,29.02
6e8dde58,2026-03-21,2026-03-21,COMPÉTITION DE CLASSEMENT / BIODIVERSITÉ - 03 PARCOURS JAUNE - SWC,SEILH,UGOLF TOULOUSE SEILH,Haute-Garonne,31,43.694573,1.3534881,,club,seilh,31,26,local,1,0,10.0,0.0,2.08,2.91,10.0,24.99
c877e92b,2026-03-21,2026-03-21,RENCONTRE GCT VS ARIEGE,VIEILLE TOULOUSE,GOLF CLUB DE TOULOUSE,Haute-Garonne,31,43.535,1.4375,,club,vieille_toulouse,30,24,local,1,0,10.0,0.0,1.92,2.69,10.0,24.61
c78f06bb,2026-03-21,2026-03-22,Trophée Dinard Golf,SAINT BRIAC SUR MER,DINARD GOLF,Ille-et-Vilaine,35,48.6183398,-2.1327847,,grand_prix,,514,793,national,3,2,162.0,160.0,63.44,88.82,50.0,524.26
b920a8ae,2026-03-22,2026-03-22,COMPÉTITION SAINT PATRICK,ROQUES,UGOLF LOU VERDAI,Haute-Garonne,31,43.5109039,1.3755068,,club,lou_verdai,19,14,local,1,0,10.0,0.0,1.12,1.57,10.0,22.69
dc292a75,2026-03-22,2026-03-22,18 TROUS CLASSANT,VIEILLE TOULOUSE,GOLF CLUB DE TOULOUSE,Haute-Garonne,31,43.535,1.4375,,club,vieille_toulouse,30,24,local,1,0,10.0,0.0,1.92,2.69,10.0,24.61
8bdf3863,2026-03-22,2026-03-22,CARTES JEUNES (COPY),CASTRES,GOLF DE CASTRES-GOURJADE,Tarn,81,43.6053809,2.2411289,,club,Castres,100,107,local,1,0,10.0,0.0,8.56,11.98,10.0,40.54
1a3ad475,2026-03-22,2026-03-22,COUPE DU PRINTEMPS,ESPALAIS,GOLF CLUB ESPALAIS,Tarn-et-Garonne,82,44.0772222,0.9038889,,club,Espalais,79,108,local,1,0,10.0,0.0,8.64,12.1,10.0,40.74
26682eeb,2026-03-22,2026-03-22,CRÉDIT AGRICOLE,BUZET-SUR-TARN,GOLF COUNTRY CLUB DE PALMOLA,Haute-Garonne,31,43.7793427,1.6323299,,club,Palmola,51,54,local,1,0,10.0,0.0,4.32,6.05,10.0,30.37
a6344319,2026-03-22,2026-03-22,FÊTES DE LA SAINT PATRICK,PLAISANCE DU TOUCH,UGOLF TOULOUSE TEOULA,Haute-Garonne,31,43.5650991,1.2956832,,club,teoula,8,7,local,1,0,10.0,0.0,0.56,0.78,10.0,21.34
3745a431,2026-03-22,2026-03-22,JUNIOR SERIES 2026 ÉTAPE 1,SEILH,UGOLF TOULOUSE SEILH,Haute-Garonne,31,43.694573,1.3534881,,club,seilh,31,26,local,1,0,10.0,0.0,2.08,2.91,10.0,24.99
960d8130,2026-03-22,2026-03-22,SCRAMBLE À 2 - PARCOURS 25,VIEILLE TOULOUSE,GOLF CLUB DE TOULOUSE,Haute-Garonne,31,43.535,1.4375,,club,vieille_toulouse,30,24,local,1,0,10.0,0.0,1.92,2.69,10.0,24.61
51f1c53e,2026-03-22,2026-03-22,SOMABAY WORLD CUP,ALBI,UGOLF ALBI,Tarn,81,43.9277552,2.147899,,club,Albi,78,102,local,1,0,10.0,0.0,8.16,11.42,10.0,39.58
d1fcc5e8,2026-03-25,2026-03-25,COMPÉTITION DE CLASSEMENT / BIODIVERSITÉ - 04 PARCOURS ROUGE - SWC,SEILH,UGOLF TOULOUSE SEILH,Haute-Garonne,31,43.694573,1.3534881,,club,seilh,31,26,local,1,0,10.0,0.0,2.08,2.91,10.0,24.99
a34dbe3c,2026-03-26,2026-03-26,CHALLENGE AFG AIRBUS 2026,MONTAUBAN,GOLF DE MONTAUBAN L'ESTANG,Tarn-et-Garonne,82,44.0175835,1.3549991,,club,Montauban,61,70,local,1,0,10.0,0.0,5.6,7.84,10.0,33.44
f682a7fa,2026-03-26,2026-03-26,COMPÉTITION DE CLASSEMENT,VIEILLE TOULOUSE,GOLF CLUB DE TOULOUSE,Haute-Garonne,31,43.535,1.4375,,club,vieille_toulouse,30,24,local,1,0,10.0,0.0,1.92,2.69,10.0,24.61
c7167b4f,2026-03-26,2026-03-26,DERNIER JEUDI DU MOIS,ALBI,UGOLF ALBI,Tarn,81,43.9277552,2.147899,,club,Albi,78,102,local,1,0,10.0,0.0,8.16,11.42,10.0,39.58
dd3da1bd,2026-03-27,2026-03-27,CHALLENGE USCF ATLANTIQUE,ALBI,UGOLF ALBI,Tarn,81,43.9277552,2.147899,,club,Albi,78,102,local,1,0,10.0,0.0,8.16,11.42,10.0,39.58
c57de0ee,2026-03-27,2026-03-27,ECLECTICS DE TÉOULA / SWC - ETAPE 4,PLAISANCE DU TOUCH,UGOLF TOULOUSE TEOULA,Haute-Garonne,31,43.5650991,1.2956832,,club,teoula,8,7,local,1,0,10.0,0.0,0.56,0.78,10.0,21.34
2246a24c,2026-03-27,2026-03-29,Grand Prix de l'Isère Charmeil,SAINT QUENTIN SUR ISERE,GOLF DE GRENOBLE CHARMEIL,Isère,38,45.2813529,5.5471606,,grand_prix,,330,538,national,4,3,216.0,240.0,43.04,60.26,50.0,609.3
a2c606ad,2026-03-27,2026-03-29,Grand Prix de la Ligue des HDF,NEUFCHATEL HARDELOT,GOLF D'HARDELOT,Pas-de-Calais,62,50.6188491,1.6306156,,grand_prix,,600,936,national,4,3,216.0,240.0,74.88,104.83,50.0,685.71
ec4041fe,2026-03-28,2026-03-28,ALL4U CHAMPIONSHIP,PLAISANCE DU TOUCH,UGOLF TOULOUSE TEOULA,Haute-Garonne,31,43.5650991,1.2956832,,club,teoula,8,7,local,1,0,10.0,0.0,0.56,0.78,10.0,21.34
f2a74c35,2026-03-28,2026-03-29,Grand Prix d'Angoulême,ANGOULEME,ANGOULEME GOLF L'HIRONDELLE,Charente,16,45.6484505,0.1561947,,grand_prix,,250,373,national,3,2,162.0,160.0,29.84,41.78,50.0,443.62
2de327b0,2026-03-28,2026-03-29,Grand Prix d'Arcachon,LA TESTE,GOLF INTERNATIONAL D'ARCACHON,Gironde,33,44.6369726,-1.1429337,,grand_prix,,204,309,regional,3,2,162.0,160.0,24.72,34.61,50.0,431.33
2cec73d6,2026-03-28,2026-03-29,Grand Prix de Baugé,BAUGE-EN-ANJOU,GOLF DE BAUGE,Maine-et-Loire,49,47.5612379,-0.1036842,,grand_prix,,411,598,national,3,2,162.0,160.0,47.84,66.98,50.0,486.82
12c0ea31,2026-03-28,2026-03-29,Grand Prix de Bourges,BOURGES,GOLF DE BOURGES,Cher,18,47.0811658,2.399125,,grand_prix,,338,525,national,3,2,162.0,160.0,42.0,58.8,50.0,472.8
4d8a3210,2026-03-28,2026-03-29,Grand Prix de Paris Val d'Europe,MAGNY-LE-HONGRE,GOLF PARIS VAL D'EUROPE,Seine-et-Marne,77,48.8631156,2.8135257,,grand_prix,,467,728,national,3,2,162.0,160.0,58.24,81.54,50.0,511.78
8e6d6a5a,2026-03-28,2026-03-29,Grand Prix du Claux-Amic,GRASSE,GOLF DU CLAUX-AMIC,Alpes-Maritimes,06,43.6589011,6.9239103,,grand_prix,,369,576,national,3,2,162.0,160.0,46.08,64.51,50.0,482.59
6b59040d,2026-03-28,2026-03-29,Grand Prix du Havre Oct/Mer,OCTEVILLE SUR MER,GOLF DU HAVRE / OCTEVILLE/MER,Seine-Maritime,76,49.5553201,0.1161519,,grand_prix,,563,870,national,3,2,162.0,160.0,69.6,97.44,50.0,539.04
3a7f09c4,2026-03-29,2026-03-29,SOMABAY WORLD CUP,ROQUES,UGOLF LOU VERDAI,Haute-Garonne,31,43.5109039,1.3755068,,club,lou_verdai,19,14,local,1,0,10.0,0.0,1.12,1.57,10.0,22.69
0bd3b6fe,2026-03-29,2026-03-29,23ÈME GRAND TROPHÉE LIONS,MONTAUBAN,GOLF DE MONTAUBAN L'ESTANG,Tarn-et-Garonne,82,44.0175835,1.3549991,,club,Montauban,61,70,local,1,0,10.0,0.0,5.6,7.84,10.0,33.44
bc601c11,2026-03-29,2026-03-29,CLASSEMENT DU PRINTEMPS,BUZET-SUR-TARN,GOLF COUNTRY CLUB DE PALMOLA,Haute-Garonne,31,43.7793427,1.6323299,,club,Palmola,51,54,local,1,0,10.0,0.0,4.32,6.05,10.0,30.37
9da2fe32,2026-04-01,2026-04-01,COMPÉTITION DE CLASSEMENT / BIODIVERSITÉ - 05 PARCOURS JAUNE - SWC,SEILH,UGOLF TOULOUSE SEILH,Haute-Garonne,31,43.694573,1.3534881,,club,seilh,31,26,local,1,0,10.0,0.0,2.08,2.91,10.0,24.99
7cef301e,2026-04-01,2026-04-01,COUPE DE PÂQUES - EDG - 5T,VIEILLE TOULOUSE,GOLF CLUB DE TOULOUSE,Haute-Garonne,31,43.535,1.4375,,club,vieille_toulouse,30,24,local,1,0,10.0,0.0,1.92,2.69,10.0,24.61
a05dc22d,2026-04-01,2026-04-01,COUPE DE PÂQUES - EDG - 9T,VIEILLE TOULOUSE,GOLF CLUB DE TOULOUSE,Haute-Garonne,31,43.535,1.4375,,club,vieille_toulouse,30,24,local,1,0,10.0,0.0,1.92,2.69,10.0,24.61
b2d5f5f6,2026-04-02,2026-04-02,COMPÉTITION - SWC,PLAISANCE DU TOUCH,UGOLF TOULOUSE TEOULA,Haute-Garonne,31,43.5650991,1.2956832,,club,teoula,8,7,local,1,0,10.0,0.0,0.56,0.78,10.0,21.34
8c6d23aa,2026-04-02,2026-04-02,COMPÉTITION DE CLASSEMENT,VIEILLE TOULOUSE,GOLF CLUB DE TOULOUSE,Haute-Garonne,31,43.535,1.4375,,club,vieille_toulouse,30,24,local,1,0,10.0,0.0,1.92,2.69,10.0,24.61
7d208a9a,2026-04-02,2026-04-02,COMPÉTITION DE CLASSEMENT 1,MONTAUBAN,GOLF DE MONTAUBAN L'ESTANG,Tarn-et-Garonne,82,44.0175835,1.3549991,,club,Montauban,61,70,local,1,0,10.0,0.0,5.6,7.84,10.0,33.44
ec105eb2,2026-04-04,2026-04-04,COUPE DE PÂQUES - EDG - 5T,VIEILLE TOULOUSE,GOLF CLUB DE TOULOUSE,Haute-Garonne,31,43.535,1.4375,,club,vieille_toulouse,30,24,local,1,0,10.0,0.0,1.92,2.69,10.0,24.61
518fb475,2026-04-04,2026-04-04,COUPE DE PÂQUES - EDG - 9T,VIEILLE TOULOUSE,GOLF CLUB DE TOULOUSE,Haute-Garonne,31,43.535,1.4375,,club,vieille_toulouse,30,24,local,1,0,10.0,0.0,1.92,2.69,10.0,24.61
6e8ca23d,2026-04-04,2026-04-04,JUNIOR SERIES 1,PLAISANCE DU TOUCH,UGOLF TOULOUSE TEOULA,Haute-Garonne,31,43.5650991,1.2956832,,club,teoula,8,7,local,1,0,10.0,0.0,0.56,0.78,10.0,21.34
ed7f0f79,2026-04-04,2026-04-04,ÉPREUVE DE QUALIFICATION - GRAND PRIX 2026,VIEILLE TOULOUSE,GOLF CLUB DE TOULOUSE,Haute-Garonne,31,43.535,1.4375,,club,vieille_toulouse,30,24,local,1,0,10.0,0.0,1.92,2.69,10.0,24.61
af0550d2,2026-04-04,2026-04-05,Grand Prix de Meaux,BOUTIGNY,GOLF DE MEAUX BOUTIGNY,Seine-et-Marne,77,48.9209326,2.9296609,,grand_prix,,473,738,national,3,2,162.0,160.0,59.04,82.66,50.0,513.7
a55f32d7,2026-04-04,2026-04-05,Grand Prix de Rochefort,SAINT-LAURENT DE LA PREE,GOLF BLUEGREEN ROCHEFORT OCEAN,Charente-Maritime,17,45.981944,-1.04,,grand_prix,,265,416,national,3,2,162.0,160.0,33.28,46.59,50.0,451.87
c7717d46,2026-04-04,2026-04-05,Grand Prix de l'Eure,EVREUX,GOLF MUNICIPAL D'EVREUX,Eure,27,49.0268903,1.1510164,,grand_prix,,486,727,national,3,2,162.0,160.0,58.16,81.42,50.0,511.58
56af20ea,2026-04-04,2026-04-05,Grand Prix de la Drôme Valence St Didier,CHARPEY,GOLF DE VALENCE SAINT DIDIER,Drôme,26,44.9387472,5.0929503,,grand_prix,,303,482,national,3,2,162.0,160.0,38.56,53.98,50.0,464.54
666949a1,2026-04-04,2026-04-06,Grand Prix de l'Isle Adam,L'ISLE ADAM,GOLF DE L'ISLE ADAM,Val-d'Oise,95,49.1125294,2.2186324,,grand_prix,,483,730,national,4,3,216.0,240.0,58.4,81.76,50.0,646.16
90e0572b,2026-04-04,2026-04-06,Grand Prix du Lys Chantilly Challenges Ginette Dessus et Patrick Cros,LAMORLAYE,GOLF LYS-CHANTILLY,Oise,60,49.1598,2.42438,,grand_prix,,487,745,national,4,3,216.0,240.0,59.6,83.44,50.0,649.04
81f9d8df,2026-04-05,2026-04-06,Grand Prix de Chalons en Champagne,COURTISOLS,GOLF DE CHALONS EN CHAMPAGNE,Marne,51,48.9865731,4.516097,,grand_prix,,552,868,national,3,2,162.0,160.0,69.44,97.22,50.0,538.66
0aae8015,2026-04-07,2026-04-07,CIRCUIT OCCITAN,ROQUES,UGOLF LOU VERDAI,Haute-Garonne,31,43.5109039,1.3755068,,club,lou_verdai,19,14,local,1,0,10.0,0.0,1.12,1.57,10.0,22.69
6c404e9d,2026-04-08,2026-04-08,CIRCUIT OCCITAN,ROQUES,UGOLF LOU VERDAI,Haute-Garonne,31,43.5109039,1.3755068,,club,lou_verdai,19,14,local,1,0,10.0,0.0,1.12,1.57,10.0,22.69
8fcb809c,2026-04-08,2026-04-08,COMPÉTITION DE CLASSEMENT / BIODIVERSITÉ - 06 PARCOURS ROUGE - SWC 006,SEILH,UGOLF TOULOUSE SEILH,Haute-Garonne,31,43.694573,1.3534881,,club,seilh,31,26,local,1,0,10.0,0.0,2.08,2.91,10.0,24.99
b265c00f,2026-04-09,2026-04-09,CIRCUIT OCCITAN,ROQUES,UGOLF LOU VERDAI,Haute-Garonne,31,43.5109039,1.3755068,,club,lou_verdai,19,14,local,1,0,10.0,0.0,1.12,1.57,10.0,22.69
f5828f9f,2026-04-09,2026-04-09,CHAMPIONNAT D'ACADÉMIE FFSU,VIEILLE TOULOUSE,GOLF CLUB DE TOULOUSE,Haute-Garonne,31,43.535,1.4375,,club,vieille_toulouse,30,24,local,1,0,10.0,0.0,1.92,2.69,10.0,24.61
057e7730,2026-04-10,2026-04-10,COMPÉTITION - SWC,PLAISANCE DU TOUCH,UGOLF TOULOUSE TEOULA,Haute-Garonne,31,43.5650991,1.2956832,,club,teoula,8,7,local,1,0,10.0,0.0,0.56,0.78,10.0,21.34
bc2ff005,2026-04-10,2026-04-12,Grand Prix de Haute Savoie Bossey,BOSSEY,GOLF & COUNTRY CLUB DE BOSSEY,Haute-Savoie,74,46.1516629,6.1588637,,grand_prix,,438,708,national,4,3,216.0,240.0,56.64,79.3,50.0,641.94
ae6af1e6,2026-04-10,2026-04-12,Masters de la Nivelle,CIBOURE,GOLF DE LA NIVELLE,Pyrénées-Atlantiques,64,43.3844003,-1.6676238,,grand_prix,,192,311,regional,4,3,216.0,240.0,24.88,34.83,50.0,565.71
1f572fcc,2026-04-11,2026-04-11,TROPHEE GRESHAM 18T,ROQUES,UGOLF LOU VERDAI,Haute-Garonne,31,43.5109039,1.3755068,,club,lou_verdai,19,14,local,1,0,10.0,0.0,1.12,1.57,10.0,22.69
2ba6b240,2026-04-11,2026-04-11,TROPHEE GRESHAM 9T,ROQUES,UGOLF LOU VERDAI,Haute-Garonne,31,43.5109039,1.3755068,,club,lou_verdai,19,14,local,1,0,10.0,0.0,1.12,1.57,10.0,22.69
9b751ec1,2026-04-11,2026-04-11,CHALLENGE AUDITION BAHUAUD - PROFESSIONNELS DE SANTÉ,VIEILLE TOULOUSE,GOLF CLUB DE TOULOUSE,Haute-Garonne,31,43.535,1.4375,,club,vieille_toulouse,30,24,local,1,0,10.0,0.0,1.92,2.69,10.0,24.61
a7ef09e6,2026-04-11,2026-04-11,COMPÉTITION DE CLASSEMENT / BIODIVERSITÉ - 06 PARCOURS ROUGE - SWC,SEILH,UGOLF TOULOUSE SEILH,Haute-Garonne,31,43.694573,1.3534881,,club,seilh,31,26,local,1,0,10.0,0.0,2.08,2.91,10.0,24.99
7ee973b5,2026-04-11,2026-04-11,OPEN DES ABONNÉS,PLAISANCE DU TOUCH,UGOLF TOULOUSE TEOULA,Haute-Garonne,31,43.5650991,1.2956832,,club,teoula,8,7,local,1,0,10.0,0.0,0.56,0.78,10.0,21.34
ea6654f6,2026-04-11,2026-04-12,Grand Prix de Domont-Montmorency,DOMONT,GOLF DE DOMONT MONTMORENCY,Val-d'Oise,95,49.0285536,2.3278097,,grand_prix,,477,717,national,3,2,162.0,160.0,57.36,80.3,50.0,509.66
004e0a49,2026-04-11,2026-04-12,Grand Prix de Montpellier Fontcaude,JUVIGNAC,GOLF MONTPELLIER FONTCAUDE,Hérault,34,43.6140784,3.8101646,,grand_prix,,177,272,regional,3,2,162.0,160.0,21.76,30.46,50.0,424.22
5d431e67,2026-04-11,2026-04-12,Grand Prix de Reims,GUEUX,GOLF DE REIMS,Marne,51,49.2511954,3.9102946,,grand_prix,,528,830,national,3,2,162.0,160.0,66.4,92.96,50.0,531.36
f78f04c6,2026-04-11,2026-04-12,Grand Prix de Salvagny,LA TOUR DE SALVAGNY,LYON SALVAGNY GOLF CLUB,Métropole de Lyon,69,45.8129372,4.7163893,,grand_prix,,356,557,national,3,2,162.0,160.0,44.56,62.38,50.0,478.94
1b37276c,2026-04-11,2026-04-12,Grand Prix de Sperone,BONIFACIO,GOLF DE SPERONE,Corse-du-Sud,2A,41.3878259,9.1606179,,grand_prix,,1014,1004,national,3,2,162.0,160.0,80.32,112.45,50.0,564.77
a7fe508f,2026-04-11,2026-04-12,Grand Prix de Wimereux Thierry Delassus,WIMEREUX,WIMEREUX GOLF CLUB,Pas-de-Calais,62,50.7696528,1.6119368,,grand_prix,,613,954,national,3,2,162.0,160.0,76.32,106.85,50.0,555.17
5979de6e,2026-04-11,2026-04-12,Grand Prix des Yvelines,LA QUEUE LES YVELINES,GOLF DES YVELINES,Yvelines,78,48.8065092,1.7646761,,grand_prix,,443,682,national,3,2,162.0,160.0,54.56,76.38,50.0,502.94
7da36c26,2026-04-11,2026-04-12,Grand Prix du Grand Saint-Emilionnais,GARDEGAN ET TOURTIRAC,GRAND SAINT-EMILIONNAIS GOLF CLUB,Gironde,33,44.9010732,-0.0193693,,grand_prix,,189,250,regional,3,2,162.0,160.0,20.0,28.0,50.0,420.0
93178107,2026-04-12,2026-04-12,CHALLENGE AUDITION BAHUAUD,VIEILLE TOULOUSE,GOLF CLUB DE TOULOUSE,Haute-Garonne,31,43.535,1.4375,,club,vieille_toulouse,30,24,local,1,0,10.0,0.0,1.92,2.69,10.0,24.61
128b6f3f,2026-04-14,2026-04-14,COMPÉTITION - SWC,PLAISANCE DU TOUCH,UGOLF TOULOUSE TEOULA,Haute-Garonne,31,43.5650991,1.2956832,,club,teoula,8,7,local,1,0,10.0,0.0,0.56,0.78,10.0,21.34
88396757,2026-04-14,2026-04-14,OPEN DES COTEAUX 2026 - COMPÉTITION PRIVÉE,VIEILLE TOULOUSE,GOLF CLUB DE TOULOUSE,Haute-Garonne,31,43.535,1.4375,,club,vieille_toulouse,30,24,local,1,0,10.0,0.0,1.92,2.69,10.0,24.61
fda4c5d5,2026-04-15,2026-04-15,COMPÉTITION DE CLASSEMENT / BIODIVERSITÉ - 07 PARCOURS JAUNE - SWC,SEILH,UGOLF TOULOUSE SEILH,Haute-Garonne,31,43.694573,1.3534881,,club,seilh,31,26,local,1,0,10.0,0.0,2.08,2.91,10.0,24.99
13200e7e,2026-04-17,2026-04-19,Championnat de Ligue Amateur Paris Ile-de-France Trophée Thomas de Kristoffy,VERSAILLES,RACING CLUB DE FRANCE,Yvelines,78,48.8035403,2.1266886,,grand_prix,,439,689,national,4,3,216.0,240.0,55.12,77.17,50.0,638.29
cfa4ec21,2026-04-17,2026-04-19,Grand Prix de Toulouse,VIEILLE TOULOUSE,GOLF CLUB DE TOULOUSE,Haute-Garonne,31,43.535,1.4375,,grand_prix,,30,24,local,4,0,40.0,0.0,1.92,2.69,50.0,94.61
08b6ffb5,2026-04-18,2026-04-19,Grand Prix de Baden,BADEN,GOLF BLUEGREEN BADEN,Morbihan,56,47.6199988,-2.9184744,,grand_prix,,468,729,national,3,2,162.0,160.0,58.32,81.65,50.0,511.97
74916190,2026-04-18,2026-04-19,Grand Prix de Dijon Bourgogne,NORGES LA VILLE,COUNTRY CLUB DIJON BOURGOGNE,Côte-d'Or,21,47.4065269,5.0792717,,grand_prix,,445,696,national,3,2,162.0,160.0,55.68,77.95,50.0,505.63
63e88ab0,2026-04-18,2026-04-19,Grand Prix de Dunkerque,COUDEKERQUE,GOLF BLUEGREEN DUNKERQUE GRAND LITTORAL,Nord,59,50.9940083,2.419676,,grand_prix,,628,983,national,3,2,162.0,160.0,78.64,110.1,50.0,560.74
e71f3871,2026-04-18,2026-04-19,Grand Prix de La Marterie,ST FELIX REILHAC MORTEMART,GOLF DE LA MARTERIE,Dordogne,24,45.0198908,0.915432,,grand_prix,,197,249,regional,3,2,162.0,160.0,19.92,27.89,50.0,419.81
c9c1e985,2026-04-18,2026-04-19,Grand Prix de Limère,ARDON,GOLF D'ORLEANS-LIMERE,Loiret,45,47.77747,1.87302,,grand_prix,,362,568,national,3,2,162.0,160.0,45.44,63.62,50.0,481.06
373385b9,2026-04-19,2026-04-19,BEFORE ARKEA MLO,MONTAUBAN,GOLF DE MONTAUBAN L'ESTANG,Tarn-et-Garonne,82,44.0175835,1.3549991,,club,Montauban,61,70,local,1,0,10.0,0.0,5.6,7.84,10.0,33.44
336bb93c,2026-04-19,2026-04-19,BEFORE ARKÉA MLO,MONTAUBAN,GOLF DE MONTAUBAN L'ESTANG,Tarn-et-Garonne,82,44.0175835,1.3549991,,club,Montauban,61,70,local,1,0,10.0,0.0,5.6,7.84,10.0,33.44
774f656a,2026-04-22,2026-04-22,COMPÉTITION - SWC,PLAISANCE DU TOUCH,UGOLF TOULOUSE TEOULA,Haute-Garonne,31,43.5650991,1.2956832,,club,teoula,8,7,local,1,0,10.0,0.0,0.56,0.78,10.0,21.34
5827264d,2026-04-22,2026-04-22,COMPÉTITION DE CLASSEMENT / BIODIVERSITÉ - 08 PARCOURS ROUGE - SWC,SEILH,UGOLF TOULOUSE SEILH,Haute-Garonne,31,43.694573,1.3534881,,club,seilh,31,26,local,1,0,10.0,0.0,2.08,2.91,10.0,24.99
1a6e8772,2026-04-24,2026-04-26,Coupe Frayssineau Mouchy,FONTAINEBLEAU,GOLF DE FONTAINEBLEAU,Seine-et-Marne,77,48.4049375,2.7015872,,grand_prix,,439,693,national,4,3,216.0,240.0,55.44,77.62,50.0,639.06
b31d4009,2026-04-24,2026-04-26,Grand Prix de Rebetz,CHAUMONT EN VEXIN,GOLF DE REBETZ,Oise,60,49.2625682,1.8821405,,grand_prix,,497,746,national,4,3,216.0,240.0,59.68,83.55,50.0,649.23
e4bfc12b,2026-04-25,2026-04-25,JUNIOR SERIES 2,PLAISANCE DU TOUCH,UGOLF TOULOUSE TEOULA,Haute-Garonne,31,43.5650991,1.2956832,,club,teoula,8,7,local,1,0,10.0,0.0,0.56,0.78,10.0,21.34
27868371,2026-04-25,2026-04-25,SCRAMBLE DES NOUVEAUX MEMBRES - 2026,VIEILLE TOULOUSE,GOLF CLUB DE TOULOUSE,Haute-Garonne,31,43.535,1.4375,,club,vieille_toulouse,30,24,local,1,0,10.0,0.0,1.92,2.69,10.0,24.61
da132bc3,2026-04-25,2026-04-26,Grand Prix de Mazamet,PONT DE L'ARN,GOLF CLUB MAZAMET LA BAROUGE,Tarn,81,43.5301927,2.4058402,,grand_prix,,120,120,regional,3,2,162.0,160.0,9.6,13.44,50.0,395.04
e3cb2aff,2026-04-26,2026-04-26,SOMABAY WORLD CUP,ROQUES,UGOLF LOU VERDAI,Haute-Garonne,31,43.5109039,1.3755068,,club,lou_verdai,19,14,local,1,0,10.0,0.0,1.12,1.57,10.0,22.69
7096b61b,2026-04-26,2026-04-26,COUPE DES JARDINIERS,PLAISANCE DU TOUCH,UGOLF TOULOUSE TEOULA,Haute-Garonne,31,43.5650991,1.2956832,,club,teoula,8,7,local,1,0,10.0,0.0,0.56,0.78,10.0,21.34
9a513501,2026-04-26,2026-04-26,COUPE DES PRESIDENTS,ESPALAIS,GOLF CLUB ESPALAIS,Tarn-et-Garonne,82,44.0772222,0.9038889,,club,Espalais,79,108,local,1,0,10.0,0.0,8.64,12.1,10.0,40.74
c6d13134,2026-04-30,2026-04-30,COMPÉTITION DE CLASSEMENT 2,MONTAUBAN,GOLF DE MONTAUBAN L'ESTANG,Tarn-et-Garonne,82,44.0175835,1.3549991,,club,Montauban,61,70,local,1,0,10.0,0.0,5.6,7.84,10.0,33.44
1615d363,2026-05-01,2026-05-03,Coupe Cachard Grand Prix de Saint-Cloud,GARCHES,GOLF DE SAINT CLOUD,Hauts-de-Seine,92,48.8437486,2.1853699,,grand_prix,,445,693,national,4,3,216.0,240.0,55.44,77.62,50.0,639.06
628b3bd7,2026-05-01,2026-05-03,Grand Prix d'Amiens,QUERRIEU,GOLF CLUB D'AMIENS,Somme,80,49.9391133,2.431445,,grand_prix,,552,845,national,4,3,216.0,240.0,67.6,94.64,50.0,668.24
16bd7e4e,2026-05-01,2026-05-03,Grand Prix de Palmola,BUZET-SUR-TARN,GOLF COUNTRY CLUB DE PALMOLA,Haute-Garonne,31,43.7793427,1.6323299,,grand_prix,,51,54,local,4,0,40.0,0.0,4.32,6.05,50.0,100.37
0906d456,2026-05-01,2026-05-03,Grand Prix de Pau Artiguelouve,ARTIGUELOUVE,GOLF BLUEGREEN PAU ARTIGUELOUVE,Pyrénées-Atlantiques,64,43.320145,-0.4726674,,grand_prix,,127,199,regional,4,3,216.0,240.0,15.92,22.29,50.0,544.21
6ac55d89,2026-05-02,2026-05-02,COMPÉTITION - SWC,PLAISANCE DU TOUCH,UGOLF TOULOUSE TEOULA,Haute-Garonne,31,43.5650991,1.2956832,,club,teoula,8,7,local,1,0,10.0,0.0,0.56,0.78,10.0,21.34
acdc02af,2026-05-02,2026-05-03,Grand Prix de Crécy la Chapelle,CRECY LA CHAPELLE,CRECY GOLF,Seine-et-Marne,77,48.8578447,2.9086092,,grand_prix,,469,733,national,3,2,162.0,160.0,58.64,82.1,50.0,512.74
1e908aba,2026-05-02,2026-05-03,Grand Prix de Léry Poses,POSES,GOLF DE LERY POSES,Eure,27,49.3078259,1.2387989,,grand_prix,,507,782,national,3,2,162.0,160.0,62.56,87.58,50.0,522.14
baf83843,2026-05-02,2026-05-03,Grand Prix de Marcilly,MARCILLY EN VILLETTE,GOLF DE MARCILLY-ORLEANS,Loiret,45,47.76351,2.0215,,grand_prix,,362,551,national,3,2,162.0,160.0,44.08,61.71,50.0,477.79
2a0b466c,2026-05-02,2026-05-03,Grand Prix de Villenave d'Ornon,VILLENAVE-D'ORNON,UGOLF VILLENAVE D'ORNON,Gironde,33,44.7737872,-0.5595029,,grand_prix,,163,253,regional,3,2,162.0,160.0,20.24,28.34,50.0,420.58
1f534661,2026-05-02,2026-05-03,Grand Prix de l'Odet,BENODET,GOLF BLUEGREEN L'ODET,Finistère,29,47.8746373,-4.1109828,,grand_prix,,548,834,national,3,2,162.0,160.0,66.72,93.41,50.0,532.13
e85a8b35,2026-05-03,2026-05-03,3/05 CLASSEMENT SWC,ESPALAIS,GOLF CLUB ESPALAIS,Tarn-et-Garonne,82,44.0772222,0.9038889,,club,Espalais,79,108,local,1,0,10.0,0.0,8.64,12.1,10.0,40.74
22fdbeb6,2026-05-03,2026-05-03,COMPÉTITION DE CLASSEMENT / BIODIVERSITÉ - 09 PARCOURS JAUNE - SWC,SEILH,UGOLF TOULOUSE SEILH,Haute-Garonne,31,43.694573,1.3534881,,club,seilh,31,26,local,1,0,10.0,0.0,2.08,2.91,10.0,24.99
c076cac5,2026-05-03,2026-05-03,WAGC 2026 QUALIFICATIONS RÉGIONALES,MONTAUBAN,GOLF DE MONTAUBAN L'ESTANG,Tarn-et-Garonne,82,44.0175835,1.3549991,,club,Montauban,61,70,local,1,0,10.0,0.0,5.6,7.84,10.0,33.44
480de826,2026-05-04,2026-05-04,4/05 CLASSEMENT SWC,ESPALAIS,GOLF CLUB ESPALAIS,Tarn-et-Garonne,82,44.0772222,0.9038889,,club,Espalais,79,108,local,1,0,10.0,0.0,8.64,12.1,10.0,40.74
b4e414a8,2026-05-04,2026-05-04,CAHORS GOLF,MONTAUBAN,GOLF DE MONTAUBAN L'ESTANG,Tarn-et-Garonne,82,44.0175835,1.3549991,,club,Montauban,61,70,local,1,0,10.0,0.0,5.6,7.84,10.0,33.44
d5cf6645,2026-05-06,2026-05-06,COMPÉTITION DE CLASSEMENT / BIODIVERSITÉ - 10 PARCOURS ROUGE - SWC,SEILH,UGOLF TOULOUSE SEILH,Haute-Garonne,31,43.694573,1.3534881,,club,seilh,31,26,local,1,0,10.0,0.0,2.08,2.91,10.0,24.99
f1950384,2026-05-08,2026-05-10,Grand Prix d'Aix-Marseille Coupe Yves Caillol,LES MILLES,GOLF AIX-MARSEILLE,Bouches-du-Rhône,13,43.5036881,5.3873997,,grand_prix,,267,419,national,4,3,216.0,240.0,33.52,46.93,50.0,586.45
4b12ac17,2026-05-08,2026-05-10,Grand Prix de Caen la Mer,BIEVILLE BEUVILLE,GOLF DE CAEN LA MER,Calvados,14,49.2386789,-0.3288006,,grand_prix,,540,867,national,4,3,216.0,240.0,69.36,97.1,50.0,672.46
06a3c3f9,2026-05-08,2026-05-10,Grand Prix de Mont de Marsan Trophée Philippe Revel-Mouroz,SAINT AVIT,GOLF DE MONT DE MARSAN,Landes,40,43.9422,-0.444167,,grand_prix,,261,372,national,4,3,216.0,240.0,29.76,41.66,50.0,577.42
4509e25f,2026-05-08,2026-05-10,Grand Prix de Saint-Nom la Bretèche,SAINT NOM LA BRETECHE,GOLF DE SAINT NOM LA BRETECHE,Yvelines,78,48.8641009,2.0205241,,grand_prix,,453,688,national,4,3,216.0,240.0,55.04,77.06,50.0,638.1
75c10cb5,2026-05-08,2026-05-10,Grand Prix de la Porcelaine,PANAZOL,GOLF DE LA PORCELAINE,Haute-Vienne,87,45.8369971,1.3059422,,grand_prix,,204,306,regional,4,3,216.0,240.0,24.48,34.27,50.0,564.75
8a2a9694,2026-05-09,2026-05-10,Grand Prix de Cergy,VAUREAL,GARDEN GOLF DE CERGY,Val-d'Oise,95,49.1279436,1.764111,,grand_prix,,489,742,national,3,2,162.0,160.0,59.36,83.1,50.0,514.46
ed65be73,2026-05-09,2026-05-10,Grand Prix de Nancy Aingeray,AINGERAY,UGOLF NANCY AINGERAY,Meurthe-et-Moselle,54,48.7396792,6.0025048,,grand_prix,,558,890,national,3,2,162.0,160.0,71.2,99.68,50.0,542.88
403c9587,2026-05-09,2026-05-10,Grand Prix de Quetigny Grand Dijon,QUETIGNY,GOLF BLUEGREEN QUETIGNY GRAND DIJON,Côte-d'Or,21,47.3125861,5.1162694,,grand_prix,,439,686,national,3,2,162.0,160.0,54.88,76.83,50.0,503.71
60a24d13,2026-05-09,2026-05-10,Grand Prix de Thumeries,THUMERIES,GOLF CLUB THUMERIES-MONCHEAUX,Nord,59,50.4725,3.06638,,grand_prix,,575,899,national,3,2,162.0,160.0,71.92,100.69,50.0,544.61
fe7b2e92,2026-05-09,2026-05-10,Grand Prix de Toulouse Seilh,SEILH,UGOLF TOULOUSE SEILH,Haute-Garonne,31,43.694573,1.3534881,,grand_prix,,31,26,local,3,0,30.0,0.0,2.08,2.91,50.0,84.99
f5e7110d,2026-05-09,2026-05-10,Grand Prix de l'Ardèche St Clair,SAINT CLAIR - ANNONAY,GOLF DU DOMAINE DE SAINT CLAIR,Ardèche,07,45.2726754,4.6734611,,grand_prix,,328,529,national,3,2,162.0,160.0,42.32,59.25,50.0,473.57
a6afb49b,2026-05-09,2026-05-10,Grand Prix de la Ligue des Pays de la Loire,CHOLET,GOLF DE CHOLET,Maine-et-Loire,49,47.0617293,-0.8801359,,grand_prix,,368,590,national,3,2,162.0,160.0,47.2,66.08,50.0,485.28
c90038c9,2026-05-10,2026-05-10,10/05 CLASSEMENT SWC,ESPALAIS,GOLF CLUB ESPALAIS,Tarn-et-Garonne,82,44.0772222,0.9038889,,club,Espalais,79,108,local,1,0,10.0,0.0,8.64,12.1,10.0,40.74
cdaf1cd4,2026-05-10,2026-05-10,COUPE DU PROSHOP,PLAISANCE DU TOUCH,UGOLF TOULOUSE TEOULA,Haute-Garonne,31,43.5650991,1.2956832,,club,teoula,8,7,local,1,0,10.0,0.0,0.56,0.78,10.0,21.34
f558d746,2026-05-10,2026-05-10,TROPHÉE LISA 2026,VIEILLE TOULOUSE,GOLF CLUB DE TOULOUSE,Haute-Garonne,31,43.535,1.4375,,club,vieille_toulouse,30,24,local,1,0,10.0,0.0,1.92,2.69,10.0,24.61
51937bee,2026-05-11,2026-05-11,11/05 CLASSEMENT SWC,ESPALAIS,GOLF CLUB ESPALAIS,Tarn-et-Garonne,82,44.0772222,0.9038889,,club,Espalais,79,108,local,1,0,10.0,0.0,8.64,12.1,10.0,40.74
ab5443af,2026-05-13,2026-05-13,COMPÉTITION DE CLASSEMENT / BIODIVERSITÉ - 11 PARCOURS JAUNE - SWC,SEILH,UGOLF TOULOUSE SEILH,Haute-Garonne,31,43.694573,1.3534881,,club,seilh,31,26,local,1,0,10.0,0.0,2.08,2.91,10.0,24.99
b80bfc5c,2026-05-14,2026-05-14,COMPÉTITION - SWC,PLAISANCE DU TOUCH,UGOLF TOULOUSE TEOULA,Haute-Garonne,31,43.5650991,1.2956832,,club,teoula,8,7,local,1,0,10.0,0.0,0.56,0.78,10.0,21.34
86194ce3,2026-05-15,2026-05-17,Grand Prix de Bayeux Omaha Beach,PORT EN BESSIN HUPPAIN,BAYEUX OMAHA BEACH GOLF,Calvados,14,49.3458498,-0.7526611,,grand_prix,,562,898,national,4,3,216.0,240.0,71.84,100.58,50.0,678.42
88c65266,2026-05-15,2026-05-17,Grand Prix de Bondues,BONDUES,GOLF DE BONDUES,Nord,59,50.7034622,3.0921638,,grand_prix,,593,923,national,4,3,216.0,240.0,73.84,103.38,50.0,683.22
70b80e30,2026-05-15,2026-05-17,Grand Prix de Rennes,SAINT JACQUES DE LA LANDE,GOLF BLUEGREEN RENNES ST JACQUES,Ille-et-Vilaine,35,48.0806436,-1.7135029,,grand_prix,,454,712,national,4,3,216.0,240.0,56.96,79.74,50.0,642.7
7b250b4e,2026-05-16,2026-05-17,Grand Prix de Digne les Bains,DIGNE LES BAINS,GOLF RESORT DE DIGNE LES BAINS BY ADONIS,Alpes-de-Haute-Provence,04,44.0917585,6.2346362,,grand_prix,,344,525,national,3,2,162.0,160.0,42.0,58.8,50.0,472.8
12be8085,2026-05-16,2026-05-17,Grand Prix de Preisch,BASSE RENTGEN,GOLF DE PREISCH,Moselle,57,49.4835426,6.2033524,,grand_prix,,635,992,national,3,2,162.0,160.0,79.36,111.1,50.0,562.46
8a89387f,2026-05-16,2026-05-17,Grand Prix de Périgueux,MARSAC SUR L'ISLE,GOLF CLUB DE PERIGUEUX,Dordogne,24,45.1833605,0.6561616,,grand_prix,,200,294,regional,3,2,162.0,160.0,23.52,32.93,50.0,428.45
ed8bc3c1,2026-05-16,2026-05-17,Grand Prix de Saint Germain lès Corbeil,SAINT GERMAIN LES CORBEIL,GARDEN GOLF ST-GERMAIN/CORBEIL,Essonne,91,48.6261053,2.4913639,,grand_prix,,437,691,national,3,2,162.0,160.0,55.28,77.39,50.0,504.67
c25f07cf,2026-05-20,2026-05-20,COMPÉTITION DE CLASSEMENT / BIODIVERSITÉ - 12 PARCOURS ROUGE - SWC,SEILH,UGOLF TOULOUSE SEILH,Haute-Garonne,31,43.694573,1.3534881,,club,seilh,31,26,local,1,0,10.0,0.0,2.08,2.91,10.0,24.99
949eff54,2026-05-21,2026-05-21,JOURNÉE GOLF SINAGOT,EAUZE,GOLF D'EAUZE GRAND ARMAGNAC,Gers,32,43.8613548,0.1003051,,club,Eauze,106,121,local,1,0,10.0,0.0,9.68,13.55,10.0,43.23
81bf17b9,2026-05-22,2026-05-22,COMPÉTITION - SWC,PLAISANCE DU TOUCH,UGOLF TOULOUSE TEOULA,Haute-Garonne,31,43.5650991,1.2956832,,club,teoula,8,7,local,1,0,10.0,0.0,0.56,0.78,10.0,21.34
077b189c,2026-05-22,2026-05-22,GAN BCGS GOLF CUP 2026,MONTAUBAN,GOLF DE MONTAUBAN L'ESTANG,Tarn-et-Garonne,82,44.0175835,1.3549991,,club,Montauban,61,70,local,1,0,10.0,0.0,5.6,7.84,10.0,33.44
290309bc,2026-05-23,2026-05-24,Grand Prix de Rochefort,ROCHEFORT EN YVELINES,EXCLUSIV GOLF CHAT. ROCHEFORT,Yvelines,78,48.5872266,1.9878964,,grand_prix,,408,648,national,3,2,162.0,160.0,51.84,72.58,50.0,496.42
b8b87fbd,2026-05-23,2026-05-25,Grand Prix de Haute Auvergne,SANSAC DE MARMIESSE,GOLF DE HAUTE AUVERGNE,Cantal,15,44.8824607,2.3485484,,grand_prix,,203,246,regional,4,3,216.0,240.0,19.68,27.55,50.0,553.23
9a9c02c8,2026-05-24,2026-05-24,DS SWING 2025,MONTAUBAN,GOLF DE MONTAUBAN L'ESTANG,Tarn-et-Garonne,82,44.0175835,1.3549991,,club,Montauban,61,70,local,1,0,10.0,0.0,5.6,7.84,10.0,33.44
082d5cf1,2026-05-30,2026-05-30,COMPÉTITION DE CLASSEMENT / BIODIVERSITÉ - 13 PARCOURS JAUNE - SWC,SEILH,UGOLF TOULOUSE SEILH,Haute-Garonne,31,43.694573,1.3534881,,club,seilh,31,26,local,1,0,10.0,0.0,2.08,2.91,10.0,24.99
e3b5eb43,2026-05-30,2026-05-30,JUNIOR SERIES 3,PLAISANCE DU TOUCH,UGOLF TOULOUSE TEOULA,Haute-Garonne,31,43.5650991,1.2956832,,club,teoula,8,7,local,1,0,10.0,0.0,0.56,0.78,10.0,21.34
e603ee8c,2026-05-30,2026-05-30,THALES TOUR 2026,MONTAUBAN,GOLF DE MONTAUBAN L'ESTANG,Tarn-et-Garonne,82,44.0175835,1.3549991,,club,Montauban,61,70,local,1,0,10.0,0.0,5.6,7.84,10.0,33.44
8758fde8,2026-05-30,2026-05-31,Grand Prix des Boucles de Seine,MOISSON-MOUSSEAUX,GOLF DES BOUCLES DE SEINE,Yvelines,78,49.0626296,1.6519448,,grand_prix,,489,742,national,3,2,162.0,160.0,59.36,83.1,50.0,514.46
4b2d4158,2026-05-31,2026-05-31,31/05 CLASSEMENT SWC,ESPALAIS,GOLF CLUB ESPALAIS,Tarn-et-Garonne,82,44.0772222,0.9038889,,club,Espalais,79,108,local,1,0,10.0,0.0,8.64,12.1,10.0,40.74
44e43105,2026-05-31,2026-05-31,COMPÉTITION - SWC,PLAISANCE DU TOUCH,UGOLF TOULOUSE TEOULA,Haute-Garonne,31,43.5650991,1.2956832,,club,teoula,8,7,local,1,0,10.0,0.0,0.56,0.78,10.0,21.34
239dd945,2026-05-31,2026-05-31,GOLFY DAY 2026,MONTAUBAN,GOLF DE MONTAUBAN L'ESTANG,Tarn-et-Garonne,82,44.0175835,1.3549991,,club,Montauban,61,70,local,1,0,10.0,0.0,5.6,7.84,10.0,33.44
7b71644f,2026-05-31,2026-05-31,TROPHÉE DES CAPITOULS 2026,VIEILLE TOULOUSE,GOLF CLUB DE TOULOUSE,Haute-Garonne,31,43.535,1.4375,,club,vieille_toulouse,30,24,local,1,0,10.0,0.0,1.92,2.69,10.0,24.61
d248f552,2026-06-01,2026-06-01,1/06 CLASSEMENT SWC,ESPALAIS,GOLF CLUB ESPALAIS,Tarn-et-Garonne,82,44.0772222,0.9038889,,club,Espalais,79,108,local,1,0,10.0,0.0,8.64,12.1,10.0,40.74
5b418b08,2026-06-03,2026-06-03,COMPÉTITION DE CLASSEMENT / BIODIVERSITÉ - 14 PARCOURS ROUGE - SWC,SEILH,UGOLF TOULOUSE SEILH,Haute-Garonne,31,43.694573,1.3534881,,club,seilh,31,26,local,1,0,10.0,0.0,2.08,2.91,10.0,24.99
7f1bb14c,2026-06-04,2026-06-04,TROPHÉE ELLES 2026 - SCRAMBLE À 2,VIEILLE TOULOUSE,GOLF CLUB DE TOULOUSE,Haute-Garonne,31,43.535,1.4375,,club,vieille_toulouse,30,24,local,1,0,10.0,0.0,1.92,2.69,10.0,24.61
4644261f,2026-06-04,2026-06-04,TROPHÉE ELLES 2026 - SIMPLE,VIEILLE TOULOUSE,GOLF CLUB DE TOULOUSE,Haute-Garonne,31,43.535,1.4375,,club,vieille_toulouse,30,24,local,1,0,10.0,0.0,1.92,2.69,10.0,24.61
7fef1267,2026-06-05,2026-06-07,Coupe Didier Illouz Grand Prix du RCF La Boulie,VERSAILLES,RACING CLUB DE FRANCE,Yvelines,78,48.8035403,2.1266886,,grand_prix,,439,689,national,4,3,216.0,240.0,55.12,77.17,50.0,638.29
42dc3b4c,2026-06-05,2026-06-07,Grand Prix d'Eauze,EAUZE,GOLF D'EAUZE GRAND ARMAGNAC,Gers,32,43.8613548,0.1003051,,grand_prix,,106,121,local,4,0,40.0,0.0,9.68,13.55,50.0,113.23
3c75a3b0,2026-06-05,2026-06-07,Grand Prix de Mérignies,MERIGNIES,MERIGNIES GOLF COUNTRY CLUB,Nord,59,50.506087,3.1103335,,grand_prix,,580,910,national,4,3,216.0,240.0,72.8,101.92,50.0,680.72
c0618179,2026-06-05,2026-06-07,Grand Prix du Lac d'Annecy,TALLOIRES,GOLF DU LAC D'ANNECY,Haute-Savoie,74,45.8395012,6.2149626,,grand_prix,,436,674,national,4,3,216.0,240.0,53.92,75.49,50.0,635.41
20a4d026,2026-06-06,2026-06-07,Grand Prix d'Aix en Provence,AIX EN PROVENCE,GOLF D'AIX EN PROVENCE,Bouches-du-Rhône,13,43.5298424,5.4474738,,grand_prix,,267,418,national,3,2,162.0,160.0,33.44,46.82,50.0,452.26
08d65d14,2026-06-06,2026-06-07,Grand Prix de Caen Garcelles,LE CASTELET,GOLF DE CAEN GARCELLES,Calvados,14,49.08707,-0.2882907,,grand_prix,,522,845,national,3,2,162.0,160.0,67.6,94.64,50.0,534.24
a6f572fd,2026-06-06,2026-06-07,Grand Prix de Donnery,DONNERY,GOLF ORLEANS DONNERY,Loiret,45,47.9126,2.11219,,grand_prix,,386,573,national,3,2,162.0,160.0,45.84,64.18,50.0,482.02
56e1e18c,2026-06-06,2026-06-07,Grand Prix de Montereau la Forteresse,THOURY FERROTTES,GOLF DE LA FORTERESSE,Seine-et-Marne,77,48.2915087,2.9414205,,grand_prix,,445,687,national,3,2,162.0,160.0,54.96,76.94,50.0,503.9
dfa7204e,2026-06-06,2026-06-07,Grand Prix de Nancy Pulnoy,PULNOY,UGOLF GRAND NANCY PULNOY,Meurthe-et-Moselle,54,48.7004346,6.2567749,,grand_prix,,571,898,national,3,2,162.0,160.0,71.84,100.58,50.0,544.42
bd97710f,2026-06-06,2026-06-07,Grand Prix de Savenay,SAVENAY,GOLF BLUEGREEN SAVENAY,Loire-Atlantique,44,47.3592304,-1.9421244,,grand_prix,,404,644,national,3,2,162.0,160.0,51.52,72.13,50.0,495.65
d8c8e703,2026-06-06,2026-06-07,Grand Prix de Téoula,PLAISANCE DU TOUCH,UGOLF TOULOUSE TEOULA,Haute-Garonne,31,43.5650991,1.2956832,,grand_prix,,8,7,local,3,0,30.0,0.0,0.56,0.78,50.0,81.34
21282758,2026-06-10,2026-06-10,COMPÉTITION DE CLASSEMENT / BIODIVERSITÉ - 15 PARCOURS JAUNE - SWC,SEILH,UGOLF TOULOUSE SEILH,Haute-Garonne,31,43.694573,1.3534881,,club,seilh,31,26,local,1,0,10.0,0.0,2.08,2.91,10.0,24.99
fa0b970b,2026-06-12,2026-06-12,TROPHÉE LAGARRIGUE 2026,MONTAUBAN,GOLF DE MONTAUBAN L'ESTANG,Tarn-et-Garonne,82,44.0175835,1.3549991,,club,Montauban,61,70,local,1,0,10.0,0.0,5.6,7.84,10.0,33.44
f59b479a,2026-06-12,2026-06-14,Grand Prix de Villarceaux,CHAUSSY,GOLF DE VILLARCEAUX,Loiret,45,48.1693503,1.9805767,,grand_prix,,387,605,national,4,3,216.0,240.0,48.4,67.76,50.0,622.16
83166784,2026-06-12,2026-06-14,Grand Prix du Stade Français,COURSON MONTELOUP,GOLF DE COURSON STADE FRANCAIS,Essonne,91,48.5922603,2.1451135,,grand_prix,,422,660,national,4,3,216.0,240.0,52.8,73.92,50.0,632.72
cf5fb0e4,2026-06-13,2026-06-13,COMPÉTITION MERCEDES,PLAISANCE DU TOUCH,UGOLF TOULOUSE TEOULA,Haute-Garonne,31,43.5650991,1.2956832,,club,teoula,8,7,local,1,0,10.0,0.0,0.56,0.78,10.0,21.34
732c4074,2026-06-13,2026-06-13,MCDO FAMILY CUP 2026,VIEILLE TOULOUSE,GOLF CLUB DE TOULOUSE,Haute-Garonne,31,43.535,1.4375,,club,vieille_toulouse,30,24,local,1,0,10.0,0.0,1.92,2.69,10.0,24.61
17d031a9,2026-06-13,2026-06-14,Grand Prix Yves Dullieux,MONT SAINT AIGNAN,GOLF DE ROUEN MONT ST AIGNAN,Seine-Maritime,76,49.4679,1.0813,,grand_prix,,525,806,national,3,2,162.0,160.0,64.48,90.27,50.0,526.75
0e735fbf,2026-06-13,2026-06-14,Grand Prix de Chailly,POUILLY EN AUXOIS,GOLF DU CHATEAU DE CHAILLY,Côte-d'Or,21,47.2622415,4.5561961,,grand_prix,,436,688,national,3,2,162.0,160.0,55.04,77.06,50.0,504.1
db49a210,2026-06-13,2026-06-14,Grand Prix de Gujan Mestras,GUJAN MESTRAS,GOLF BLUEGREEN GUJAN-MESTRAS,Gironde,33,44.6360982,-1.0714014,,grand_prix,,198,304,regional,3,2,162.0,160.0,24.32,34.05,50.0,430.37
a4cd0b66,2026-06-13,2026-06-14,Grand Prix de Metz Chérisey,CHERISEY,GOLF DE METZ CHERISEY,Moselle,57,49.0134,6.2349,,grand_prix,,595,940,national,3,2,162.0,160.0,75.2,105.28,50.0,552.48
0b7e3d1a,2026-06-13,2026-06-14,Grand Prix de Mignaloux,MIGNALOUX BEAUVOIR,GOLF DE POITIERS-MIGNALOUX,Vienne,86,46.5443255,0.4148949,,grand_prix,,313,419,national,3,2,162.0,160.0,33.52,46.93,50.0,452.45
9a672919,2026-06-13,2026-06-14,Grand Prix du Rhône,CHASSIEU,GOLF BLUEGREEN GRAND LYON CHASSIEU,Métropole de Lyon,69,45.7422756,4.9681796,,grand_prix,,357,572,national,3,2,162.0,160.0,45.76,64.06,50.0,481.82
4992760b,2026-06-13,2026-06-14,Grand Prix du Sart - Messieurs Wallaert Devilder,VILLENEUVE D'ASCQ,GOLF DU SART,Nord,59,50.6193174,3.1314002,,grand_prix,,580,914,national,3,2,162.0,160.0,73.12,102.37,50.0,547.49
01e498c8,2026-06-14,2026-06-14,OPEN DES ABONNÉS,ROQUES,UGOLF LOU VERDAI,Haute-Garonne,31,43.5109039,1.3755068,,club,lou_verdai,19,14,local,1,0,10.0,0.0,1.12,1.57,10.0,22.69
b66ebc46,2026-06-14,2026-06-14,COUPE AS DRONE SOLUTIONS,ESPALAIS,GOLF CLUB ESPALAIS,Tarn-et-Garonne,82,44.0772222,0.9038889,,club,Espalais,79,108,local,1,0,10.0,0.0,8.64,12.1,10.0,40.74
7f480c6a,2026-06-14,2026-06-14,JUNIOR SERIES 4,PLAISANCE DU TOUCH,UGOLF TOULOUSE TEOULA,Haute-Garonne,31,43.5650991,1.2956832,,club,teoula,8,7,local,1,0,10.0,0.0,0.56,0.78,10.0,21.34
8b46ccc1,2026-06-14,2026-06-14,OPEN CEREZO & CLUB MED 2026,VIEILLE TOULOUSE,GOLF CLUB DE TOULOUSE,Haute-Garonne,31,43.535,1.4375,,club,vieille_toulouse,30,24,local,1,0,10.0,0.0,1.92,2.69,10.0,24.61
abf5825f,2026-06-14,2026-06-14,WININCUP 2026,MONTAUBAN,GOLF DE MONTAUBAN L'ESTANG,Tarn-et-Garonne,82,44.0175835,1.3549991,,club,Montauban,61,70,local,1,0,10.0,0.0,5.6,7.84,10.0,33.44
f55468d3,2026-06-17,2026-06-17,COMPÉTITION DE CLASSEMENT / BIODIVERSITÉ - 16 PARCOURS JAUNE - SWC,SEILH,UGOLF TOULOUSE SEILH,Haute-Garonne,31,43.694573,1.3534881,,club,seilh,31,26,local,1,0,10.0,0.0,2.08,2.91,10.0,24.99
6b1301f7,2026-06-18,2026-06-18,APPRENTIS D'AUTEUIL 3IÈME ÉDITION,PLAISANCE DU TOUCH,UGOLF TOULOUSE TEOULA,Haute-Garonne,31,43.5650991,1.2956832,,club,teoula,8,7,local,1,0,10.0,0.0,0.56,0.78,10.0,21.34
78d06206,2026-06-19,2026-06-19,TROPHEE QUERCY CLIMATER 2026,MONTAUBAN,GOLF DE MONTAUBAN L'ESTANG,Tarn-et-Garonne,82,44.0175835,1.3549991,,club,Montauban,61,70,local,1,0,10.0,0.0,5.6,7.84,10.0,33.44
c672b3fc,2026-06-20,2026-06-20,COMPÉTITION PEUGEOT PICARD - SCRAMBLE À 2 - SAMEDI,VIEILLE TOULOUSE,GOLF CLUB DE TOULOUSE,Haute-Garonne,31,43.535,1.4375,,club,vieille_toulouse,30,24,local,1,0,10.0,0.0,1.92,2.69,10.0,24.61
e4302115,2026-06-20,2026-06-20,COMPÉTITIONS THALES,PLAISANCE DU TOUCH,UGOLF TOULOUSE TEOULA,Haute-Garonne,31,43.5650991,1.2956832,,club,teoula,8,7,local,1,0,10.0,0.0,0.56,0.78,10.0,21.34
8d03c06b,2026-06-20,2026-06-21,Grand Prix de Mennecy Chevannes,CHEVANNES,UGOLF MENNECY CHEVANNES,Côte-d'Or,21,47.1585891,4.8480674,,grand_prix,,430,665,national,3,2,162.0,160.0,53.2,74.48,50.0,499.68
dd7100a1,2026-06-21,2026-06-21,21/06 CLASSEMENT SWC,ESPALAIS,GOLF CLUB ESPALAIS,Tarn-et-Garonne,82,44.0772222,0.9038889,,club,Espalais,79,108,local,1,0,10.0,0.0,8.64,12.1,10.0,40.74
926c32f5,2026-06-21,2026-06-21,COMPÉTITION PEUGEOT PICARD - SCRAMBLE À 2 - DIMANCHE,VIEILLE TOULOUSE,GOLF CLUB DE TOULOUSE,Haute-Garonne,31,43.535,1.4375,,club,vieille_toulouse,30,24,local,1,0,10.0,0.0,1.92,2.69,10.0,24.61
4bb5d1eb,2026-06-21,2026-06-21,DS AUTOMOBILES,PLAISANCE DU TOUCH,UGOLF TOULOUSE TEOULA,Haute-Garonne,31,43.5650991,1.2956832,,club,teoula,8,7,local,1,0,10.0,0.0,0.56,0.78,10.0,21.34
94fed826,2026-06-22,2026-06-22,22/06 CLASSEMENT SWC,ESPALAIS,GOLF CLUB ESPALAIS,Tarn-et-Garonne,82,44.0772222,0.9038889,,club,Espalais,79,108,local,1,0,10.0,0.0,8.64,12.1,10.0,40.74
e34251bd,2026-06-24,2026-06-24,COMPÉTITION DE CLASSEMENT / BIODIVERSITÉ - 17 PARCOURS ROUGE - SWC,SEILH,UGOLF TOULOUSE SEILH,Haute-Garonne,31,43.694573,1.3534881,,club,seilh,31,26,local,1,0,10.0,0.0,2.08,2.91,10.0,24.99
547cd503,2026-06-26,2026-06-28,Grand Prix de Strasbourg,ILLKIRCH GRAFFENSTADEN,GOLF CLUB DE STRASBOURG,Bas-Rhin,67,48.5299117,7.7113254,,grand_prix,,614,973,national,4,3,216.0,240.0,77.84,108.98,50.0,692.82
f489f807,2026-06-27,2026-06-27,5ÈME FRIENDLY CUP BY LECLERC - 2026,MONTAUBAN,GOLF DE MONTAUBAN L'ESTANG,Tarn-et-Garonne,82,44.0175835,1.3549991,,club,Montauban,61,70,local,1,0,10.0,0.0,5.6,7.84,10.0,33.44
7ef1c6f6,2026-06-27,2026-06-27,QUALIFICATIONS AMUNDI EVIAN KIDS CUP 2026,VIEILLE TOULOUSE,GOLF CLUB DE TOULOUSE,Haute-Garonne,31,43.535,1.4375,,club,vieille_toulouse,30,24,local,1,0,10.0,0.0,1.92,2.69,10.0,24.61
455ecb2b,2026-06-27,2026-06-28,Grand Prix Forêt de Chantilly,VINEUIL SAINT FIRMIN,GARDEN GOLF FORET DE CHANTILLY,Oise,60,49.2001504,2.4916222,,grand_prix,,490,746,national,3,2,162.0,160.0,59.68,83.55,50.0,515.23
9444cf35,2026-06-27,2026-06-28,Grand Prix de Champlong,VILLEREST,GOLF CLUB DOMAINE DE CHAMPLONG,Loire,42,45.9939206,4.0369461,,grand_prix,,335,505,national,3,2,162.0,160.0,40.4,56.56,50.0,468.96
90de78a1,2026-06-27,2026-06-28,Grand Prix de Cély,CELY EN BIERE,EXCLUSIV GOLF CHATEAU DE CELY,Seine-et-Marne,77,48.4590138,2.5326635,,grand_prix,,442,672,national,3,2,162.0,160.0,53.76,75.26,50.0,501.02
097df3cc,2026-06-27,2026-06-28,Grand Prix de Ste Maxime,SAINTE MAXIME,GOLF BLUEGREEN SAINTE MAXIME,Var,83,43.30871,6.637714,,grand_prix,,343,536,national,3,2,162.0,160.0,42.88,60.03,50.0,474.91
90a8740e,2026-07-02,2026-07-05,Grand Prix de Chiberta,ANGLET,GOLF DE CHIBERTA,Pyrénées-Atlantiques,64,43.4813927,-1.5149935,,grand_prix,,188,296,regional,5,4,270.0,320.0,23.68,33.15,50.0,696.83
9f438382,2026-07-03,2026-07-05,Classic du Prieuré,SAILLY,GOLF DU PRIEURE,Saône-et-Loire,71,46.5355649,4.566338,,grand_prix,,377,585,national,4,3,216.0,240.0,46.8,65.52,50.0,618.32
31948983,2026-07-03,2026-07-05,Grand Prix de Massane,BAILLARGUES,GOLF CLUB MONTPELLIER MASSANE,Hérault,34,43.6609569,4.0133114,,grand_prix,,181,280,regional,4,3,216.0,240.0,22.4,31.36,50.0,559.76
29308ec4,2026-07-03,2026-07-05,Grand Prix du GCL,VILLETTE D'ANTHON,GOLF CLUB DE LYON,Isère,38,45.79451,5.1130506,,grand_prix,,368,586,national,4,3,216.0,240.0,46.88,65.63,50.0,618.51
5199bf7c,2026-07-03,2026-07-05,Grand Prix du Val de Sorne,VERNANTOIS,GOLF DU VAL DE SORNE,Jura,39,46.6278,5.57611,,grand_prix,,455,720,national,4,3,216.0,240.0,57.6,80.64,50.0,644.24
c6f07b0e,2026-07-04,2026-07-04,BMW PELRAS JUNIOR CUP 9T,VIEILLE TOULOUSE,GOLF CLUB DE TOULOUSE,Haute-Garonne,31,43.535,1.4375,,club,vieille_toulouse,30,24,local,1,0,10.0,0.0,1.92,2.69,10.0,24.61
6bca4263,2026-07-04,2026-07-04,JUNIORS SERIES 5,PLAISANCE DU TOUCH,UGOLF TOULOUSE TEOULA,Haute-Garonne,31,43.5650991,1.2956832,,club,teoula,8,7,local,1,0,10.0,0.0,0.56,0.78,10.0,21.34
6ebcbcfa,2026-07-04,2026-07-05,Grand Prix de Cabourg le Home,VARAVILLE,GOLF CLUB DE CABOURG LE HOME,Calvados,14,49.253386,-0.1582652,,grand_prix,,542,872,national,3,2,162.0,160.0,69.76,97.66,50.0,539.42
46758bdf,2026-07-04,2026-07-05,Grand Prix de Lille Métropole Trophée Jean-Marc Komen,RONCHIN,GOLF DE LILLE METROPOLE,Nord,59,50.6056749,3.0778827,,grand_prix,,579,911,national,3,2,162.0,160.0,72.88,102.03,50.0,546.91
0f89b6cc,2026-07-04,2026-07-05,Grand Prix de Lésigny Corbuches,LESIGNY,GOLF LESIGNY CORBUCHES,Seine-et-Marne,77,48.7441196,2.6146976,,grand_prix,,456,712,national,3,2,162.0,160.0,56.96,79.74,50.0,508.7
5e2ca8bc,2026-07-04,2026-07-05,Grand Prix de Royan,SAINT PALAIS SUR MER,GOLF DE ROYAN,Charente-Maritime,17,45.6428769,-1.0859957,,grand_prix,,266,392,national,3,2,162.0,160.0,31.36,43.9,50.0,447.26
68fe651a,2026-07-04,2026-07-05,Grand Prix de Vendée,NESMY,GOLF BLUEGREEN LA DOMANGERE,Vendée,85,46.5922222,-1.4025,,grand_prix,,348,504,national,3,2,162.0,160.0,40.32,56.45,50.0,468.77
5e77e6ed,2026-07-04,2026-07-05,Grand Prix des Ormes,DOL DE BRETAGNE,LES ORMES GOLF & RESORT,Ille-et-Vilaine,35,48.5498295,-1.754257,,grand_prix,,504,783,national,3,2,162.0,160.0,62.64,87.7,50.0,522.34
10b48650,2026-07-11,2026-07-12,Grand Prix de Bethemont,POISSY,EXCLUSIV GOLF DE BETHEMONT,Yvelines,78,48.9274192,2.0426301,,grand_prix,,458,701,national,3,2,162.0,160.0,56.08,78.51,50.0,506.59
309e88d8,2026-07-11,2026-07-12,Grand Prix de Val Quéven,QUEVEN,GOLF BLUEGREEN VAL QUEVEN,Morbihan,56,47.788792,-3.4161464,,grand_prix,,495,774,national,3,2,162.0,160.0,61.92,86.69,50.0,520.61
d2b0ee79,2026-07-11,2026-07-12,Grand Prix du Sauternais,SAINT PARDON DE CONQUES,GOLF DU SAUTERNAIS,Gironde,33,44.5556647,-0.1886653,,grand_prix,,150,224,regional,3,2,162.0,160.0,17.92,25.09,50.0,415.01
4dbc34c5,2026-07-12,2026-07-12,12/07 CLASSEMENT SWC,ESPALAIS,GOLF CLUB ESPALAIS,Tarn-et-Garonne,82,44.0772222,0.9038889,,club,Espalais,79,108,local,1,0,10.0,0.0,8.64,12.1,10.0,40.74
c0093fc2,2026-07-12,2026-07-14,Grand Prix de Troyes,CHAOURCE,GOLF DE TROYES LA CORDELIERE,Aube,10,48.0581589,4.1371816,,grand_prix,,503,799,national,4,3,216.0,240.0,63.92,89.49,50.0,659.41
8b36b091,2026-07-13,2026-07-13,13/07 CLASSEMENT SWC,ESPALAIS,GOLF CLUB ESPALAIS,Tarn-et-Garonne,82,44.0772222,0.9038889,,club,Espalais,79,108,local,1,0,10.0,0.0,8.64,12.1,10.0,40.74
b4c6b6df,2026-07-16,2026-07-19,Grand Prix des Landes Hossegor,HOSSEGOR,GOLF CLUB D'HOSSEGOR,Pyrénées-Orientales,66,42.672696,3.0308142,,grand_prix,,163,245,regional,5,4,270.0,320.0,19.6,27.44,50.0,687.04
08a767a4,2026-07-17,2026-07-19,Grand Prix de Gap Bayard,GAP,GOLF ALPES PROVENCE GAP BAYARD,Hautes-Alpes,05,44.5612032,6.0820639,,grand_prix,,363,566,national,4,3,216.0,240.0,45.28,63.39,50.0,614.67
2bdd6b40,2026-07-17,2026-07-19,Grand Prix de La Bresse,CONDEISSIAT,GOLF DE LA BRESSE,Ain,01,46.1562,5.07952,,grand_prix,,407,616,national,4,3,216.0,240.0,49.28,68.99,50.0,624.27
cba115dc,2026-07-17,2026-07-19,Grand Prix de la Côte d'Albâtre,OCTEVILLE SUR MER,GOLF DU HAVRE / OCTEVILLE/MER,Seine-Maritime,76,49.5553201,0.1161519,,grand_prix,,563,870,national,4,3,216.0,240.0,69.6,97.44,50.0,673.04
56fcd88c,2026-07-18,2026-07-19,Grand Prix de Bussy Guermantes,BUSSY SAINT GEORGES,GOLF DE BUSSY-GUERMANTES,Seine-et-Marne,77,48.8389953,2.7171086,,grand_prix,,460,717,national,3,2,162.0,160.0,57.36,80.3,50.0,509.66
a3ff8ab2,2026-07-18,2026-07-19,Grand Prix de Cheverny,CHEVERNY,GOLF DU CHATEAU DE CHEVERNY,Loir-et-Cher,41,47.4996989,1.4611064,,grand_prix,,358,518,national,3,2,162.0,160.0,41.44,58.02,50.0,471.46
490d6e31,2026-07-18,2026-07-19,Grand Prix de Ploemeur Océan,PLOEMEUR,GOLF BLUEGREEN PLOEMEUR-OCEAN,Morbihan,56,47.7354591,-3.4270534,,grand_prix,,499,778,national,3,2,162.0,160.0,62.24,87.14,50.0,521.38
533a7880,2026-07-18,2026-07-19,Grand Prix des Tumulus,LALOUBERE,GOLF DE TARBES LES TUMULUS,Hautes-Pyrénées,65,43.2057612,0.0721598,,grand_prix,,101,151,local,3,0,30.0,0.0,12.08,16.91,50.0,108.99
4eebf470,2026-07-23,2026-07-26,Grand Prix de la Biarritz Cup,BIARRITZ,GOLF DE BIARRITZ LE PHARE,Pyrénées-Atlantiques,64,43.4832523,-1.5592776,,grand_prix,,192,304,regional,5,4,270.0,320.0,24.32,34.05,50.0,698.37
473515ce,2026-07-24,2026-07-26,Grand Prix d'Apremont,APREMONT,GOLF D'APREMONT,Oise,60,49.2247297,2.5113646,,grand_prix,,486,754,national,4,3,216.0,240.0,60.32,84.45,50.0,650.77
6aa22356,2026-07-24,2026-07-26,Grand Prix de Montauban l'Estang,MONTAUBAN,GOLF DE MONTAUBAN L'ESTANG,Tarn-et-Garonne,82,44.0175835,1.3549991,,grand_prix,,61,70,local,4,0,40.0,0.0,5.6,7.84,50.0,103.44
40583141,2026-07-24,2026-07-26,Grand Prix de la Baule,SAINT ANDRE DES EAUX,GOLF INTERNATIONAL DE LA BAULE,Côtes-d'Armor,22,48.3711691,-2.0087518,,grand_prix,,496,760,national,4,3,216.0,240.0,60.8,85.12,50.0,651.92
0d3ff1bb,2026-07-25,2026-07-25,COMPÉTITION AIRBUS GOLF SOCIETY 2026,VIEILLE TOULOUSE,GOLF CLUB DE TOULOUSE,Haute-Garonne,31,43.535,1.4375,,club,vieille_toulouse,30,24,local,1,0,10.0,0.0,1.92,2.69,10.0,24.61
226ac8be,2026-07-30,2026-08-02,Grand Prix de Pau Golf Club 1856,BILLERE,PAU GOLF CLUB 1856,Pyrénées-Atlantiques,64,43.3030044,-0.3905556,,grand_prix,,127,192,regional,5,4,270.0,320.0,15.36,21.5,50.0,676.86
c2441183,2026-07-31,2026-08-02,Grand Prix des Aisses,LA FERTE SAINT-AUBIN,LES AISSES GOLF,Loiret,45,47.7169399,1.9442053,,grand_prix,,354,546,national,4,3,216.0,240.0,43.68,61.15,50.0,610.83
b120db58,2026-08-01,2026-08-02,Grand Prix de Belle Dune,FORT MAHON PLAGE,GOLF DE BELLE DUNE,Somme,80,50.3418305,1.5623072,,grand_prix,,594,911,national,3,2,162.0,160.0,72.88,102.03,50.0,546.91
dcea40d0,2026-08-01,2026-08-02,Grand Prix de Cognac,SAINT BRICE,GOLF DU COGNAC,Seine-et-Marne,77,48.5679822,3.3254721,,grand_prix,,490,751,national,3,2,162.0,160.0,60.08,84.11,50.0,516.19
1f31e4cc,2026-08-01,2026-08-02,Grand Prix du Coudray,LE COUDRAY MONTCEAUX,UGOLF DU COUDRAY MONTCEAUX,Essonne,91,48.5653177,2.4855792,,grand_prix,,439,693,national,3,2,162.0,160.0,55.44,77.62,50.0,505.06
ccf24e85,2026-08-08,2026-08-09,Grand Prix d'Etiolles,ETIOLLES,ETIOLLES GOLF CLUB,Essonne,91,48.6380667,2.4775273,,grand_prix,,439,687,national,3,2,162.0,160.0,54.96,76.94,50.0,503.9
4c5daddf,2026-08-11,2026-08-15,Grand Prix de Bretagne,SAINT BRIAC SUR MER,DINARD GOLF,Ille-et-Vilaine,35,48.6183398,-2.1327847,,grand_prix,,514,793,national,6,5,324.0,400.0,63.44,88.82,50.0,926.26
d4ff0d6c,2026-08-14,2026-08-16,Grand Prix de Valgarde,LA GARDE,GOLF DE VALGARDE,Var,83,43.1249185,6.0128532,,grand_prix,,327,505,national,4,3,216.0,240.0,40.4,56.56,50.0,602.96
f4249659,2026-08-21,2026-08-23,Grand Prix de Granville,BREVILLE SUR MER,GOLF DE GRANVILLE BAIE ST MICHEL,Manche,50,48.8651125,-1.5576965,,grand_prix,,533,824,national,4,3,216.0,240.0,65.92,92.29,50.0,664.21
ebf8b420,2026-08-21,2026-08-23,Grand Prix de Rougemont,ROUGEMONT LE CHATEAU,GOLF DE ROUGEMONT LE CHATEAU,Territoire-de-Belfort,90,47.7360641,6.9678379,,grand_prix,,540,852,national,4,3,216.0,240.0,68.16,95.42,50.0,669.58
aea88aba,2026-08-21,2026-08-23,Grand Prix de la Grange aux Ormes,MARLY,GOLF DE LA GRANGE AUX ORMES,Nord,59,50.3500747,3.5435909,,grand_prix,,574,904,national,4,3,216.0,240.0,72.32,101.25,50.0,679.57
81ae5751,2026-08-21,2026-08-23,Grand Prix du Médoc,LE PIAN MEDOC,CABOT BORDEAUX,Gironde,33,44.9549001,-0.6683986,,grand_prix,,192,283,regional,4,3,216.0,240.0,22.64,31.7,50.0,560.34
aee0a204,2026-08-21,2026-08-23,Grand Prix du Sporting de Vichy,BELLERIVE SUR ALLIER,GOLF DU SPORTING CLUB DE VICHY,Allier,03,46.1156244,3.4063997,,grand_prix,,282,437,national,4,3,216.0,240.0,34.96,48.94,50.0,589.9
72f25407,2026-08-22,2026-08-23,Grand Prix d'Ableiges,ABLEIGES,GOLF CLUB D'ABLEIGES,Val-d'Oise,95,49.0901646,1.9812325,,grand_prix,,476,722,national,3,2,162.0,160.0,57.76,80.86,50.0,510.62
f4997694,2026-08-22,2026-08-23,Grand Prix de Belleme St Martin,BELLEME,GOLF DE BELLEME SAINT MARTIN,Orne,61,48.3753612,0.5629418,,grand_prix,,474,743,national,3,2,162.0,160.0,59.44,83.22,50.0,514.66
322f5bfa,2026-08-22,2026-08-23,Grand Prix de Guérande,GUERANDE,GOLF DE GUERANDE,Loire-Atlantique,44,47.3282126,-2.4298014,,grand_prix,,435,682,national,3,2,162.0,160.0,54.56,76.38,50.0,502.94
ee10e6c0,2026-08-28,2026-08-28,COMPÉTITION CLIN D'OEIL - AUDITION VALES - SCRAMBLE À 2 - VENDREDI,VIEILLE TOULOUSE,GOLF CLUB DE TOULOUSE,Haute-Garonne,31,43.535,1.4375,,club,vieille_toulouse,30,24,local,1,0,10.0,0.0,1.92,2.69,10.0,24.61
383ad8df,2026-08-28,2026-08-28,COMPÉTITION CLIN D'OEIL - AUDITION VALES - SIMPLE - VENDREDI,VIEILLE TOULOUSE,GOLF CLUB DE TOULOUSE,Haute-Garonne,31,43.535,1.4375,,club,vieille_toulouse,30,24,local,1,0,10.0,0.0,1.92,2.69,10.0,24.61
ec5a82ba,2026-08-28,2026-08-30,Grand Prix de Saint Germain,SAINT GERMAIN EN LAYE,GOLF DE SAINT-GERMAIN,Yvelines,78,48.8990413,2.0942792,,grand_prix,,456,703,national,4,3,216.0,240.0,56.24,78.74,50.0,640.98
527fe833,2026-08-28,2026-08-30,Grand Prix de l'Ecogolf Ariège Pyrénées,LA BASTIDE DE SEROU,GOLF DE L'ARIEGE,Ariège,09,43.0115497,1.4283987,,grand_prix,,85,90,local,4,0,40.0,0.0,7.2,10.08,50.0,107.28
cbf791b2,2026-08-28,2026-08-30,Grand Prix de la Loire Forez,CRAINTILLEUX,GOLF CLUB DU FOREZ,Loire,42,45.5843,4.23378,,grand_prix,,343,536,national,4,3,216.0,240.0,42.88,60.03,50.0,608.91
85a378e4,2026-08-29,2026-08-29,COMPÉTITION CLIN D'OEIL - AUDITION VALES - SCRAMBLE À 2 - SAMEDI,VIEILLE TOULOUSE,GOLF CLUB DE TOULOUSE,Haute-Garonne,31,43.535,1.4375,,club,vieille_toulouse,30,24,local,1,0,10.0,0.0,1.92,2.69,10.0,24.61
945c14bc,2026-08-29,2026-08-29,COMPÉTITION CLIN D'OEIL - AUDITION VALES - SIMPLE - SAMEDI,VIEILLE TOULOUSE,GOLF CLUB DE TOULOUSE,Haute-Garonne,31,43.535,1.4375,,club,vieille_toulouse,30,24,local,1,0,10.0,0.0,1.92,2.69,10.0,24.61
745b616a,2026-08-29,2026-08-30,Grand Prix de Brigode,VILLENEUVE D'ASCQ,GOLF DE BRIGODE,Nord,59,50.6193174,3.1314002,,grand_prix,,580,914,national,3,2,162.0,160.0,73.12,102.37,50.0,547.49
468eec39,2026-08-29,2026-08-30,Grand Prix de Marivaux,JANVRY,GOLF DE MARIVAUX,Marne,51,49.2459051,3.8767333,,grand_prix,,533,824,national,3,2,162.0,160.0,65.92,92.29,50.0,530.21
289115a0,2026-08-30,2026-08-30,COMPÉTITION CLIN D'OEIL - AUDITION VALES - SCRAMBLE À 2 - DIMANCHE,VIEILLE TOULOUSE,GOLF CLUB DE TOULOUSE,Haute-Garonne,31,43.535,1.4375,,club,vieille_toulouse,30,24,local,1,0,10.0,0.0,1.92,2.69,10.0,24.61
66f26112,2026-08-30,2026-08-30,COMPÉTITION CLIN D'OEIL - AUDITION VALES - SIMPLE - DIMANCHE,VIEILLE TOULOUSE,GOLF CLUB DE TOULOUSE,Haute-Garonne,31,43.535,1.4375,,club,vieille_toulouse,30,24,local,1,0,10.0,0.0,1.92,2.69,10.0,24.61
87b58f5f,2026-09-05,2026-09-06,Grand Prix d'Ozoir-la-Ferrrière,OZOIR LA FERRIERE,GOLF D'OZOIR LA FERRIERE,Seine-et-Marne,77,48.7620904,2.6719421,,grand_prix,,462,720,national,3,2,162.0,160.0,57.6,80.64,50.0,510.24
d9b8afa8,2026-09-05,2026-09-06,Grand Prix de Mormal Trophée Adrien Cheval,PREUX AU SART,GOLF DE MORMAL,Nord,59,50.2836214,3.6873307,,grand_prix,,583,915,national,3,2,162.0,160.0,73.2,102.48,50.0,547.68
1e238823,2026-09-05,2026-09-06,Grand Prix de St Laurent,AURAY,GOLF BLUEGREEN SAINT LAURENT,Morbihan,56,47.6664485,-2.9833718,,grand_prix,,466,732,national,3,2,162.0,160.0,58.56,81.98,50.0,512.54
0cb882b5,2026-09-05,2026-09-06,Grand Prix de Tours Ardrée,SAINT ANTOINE DU ROCHER,GOLF BLUEGREEN TOURS ARDREE,Indre-et-Loire,37,47.496733,0.6303753,,grand_prix,,390,619,national,3,2,162.0,160.0,49.52,69.33,50.0,490.85
06eef0da,2026-09-05,2026-09-06,Grand Prix du Bordelais Trophée Frédéric Blanchard Dignac,BORDEAUX,GOLF BORDELAIS,Gironde,33,44.841225,-0.5800364,,grand_prix,,175,262,regional,3,2,162.0,160.0,20.96,29.34,50.0,422.3
98759a32,2026-09-05,2026-09-06,Grand Prix du Clou,VILLARS LES DOMBES,GOLF DU CLOU,Ain,01,46.0000471,5.0425155,,grand_prix,,391,609,national,3,2,162.0,160.0,48.72,68.21,50.0,488.93
dd9d7744,2026-09-11,2026-09-11,7ÈME TROPHEE FAUCHE,MONTAUBAN,GOLF DE MONTAUBAN L'ESTANG,Tarn-et-Garonne,82,44.0175835,1.3549991,,club,Montauban,61,70,local,1,0,10.0,0.0,5.6,7.84,10.0,33.44
c5f8fa18,2026-09-11,2026-09-13,Grand Prix d'Albi,ALBI,UGOLF ALBI,Tarn,81,43.9277552,2.147899,,grand_prix,,78,102,local,4,0,40.0,0.0,8.16,11.42,50.0,109.58
36a4471d,2026-09-11,2026-09-13,Grand Prix de Valcros,LA LONDE LES MAURES,GOLF DE VALCROS,Var,83,43.1381313,6.2355346,,grand_prix,,341,525,national,4,3,216.0,240.0,42.0,58.8,50.0,606.8
82889264,2026-09-11,2026-09-13,Grand Prix des Volcans,ORCINES,GOLF DES VOLCANS,Puy-de-Dôme,63,45.7853457,3.0113839,,grand_prix,,252,384,national,4,3,216.0,240.0,30.72,43.01,50.0,579.73
b5bf0cd5,2026-09-12,2026-09-13,Grand Prix d'Ormesson,ORMESSON SUR MARNE,GOLF D'ORMESSON,Val-de-Marne,94,48.785641,2.5483998,,grand_prix,,452,701,national,3,2,162.0,160.0,56.08,78.51,50.0,506.59
73b5d2cc,2026-09-12,2026-09-13,Grand Prix de Lacanau,LACANAU,UGOLF LACANAU ARDILOUSE,Gironde,33,44.9776088,-1.0784851,,grand_prix,,213,308,regional,3,2,162.0,160.0,24.64,34.5,50.0,431.14
9a671d2a,2026-09-12,2026-09-13,Grand Prix de Mazières en Gâtines,MAZIERES EN GATINE,GOLF BLUEGREEN MAZIERES EN GATINE,Deux-Sèvres,79,46.5327178,-0.322791,,grand_prix,,298,471,national,3,2,162.0,160.0,37.68,52.75,50.0,462.43
73cc2dd1,2026-09-12,2026-09-13,Grand Prix des Templiers,IVRY LE TEMPLE,UGOLF DES TEMPLIERS,Oise,60,49.2296066,2.030354,,grand_prix,,498,747,national,3,2,162.0,160.0,59.76,83.66,50.0,515.42
32c8f2e6,2026-09-13,2026-09-13,COUPE DES ENTREPRENEURS 2026 - SIMPLE (COPY),VIEILLE TOULOUSE,GOLF CLUB DE TOULOUSE,Haute-Garonne,31,43.535,1.4375,,club,vieille_toulouse,30,24,local,1,0,10.0,0.0,1.92,2.69,10.0,24.61
9bd4e0af,2026-09-18,2026-09-20,Grand Prix PGA France du Vaudreuil,LE VAUDREUIL,GOLF PGA FRANCE DU VAUDREUIL,Eure,27,49.2551454,1.204956,,grand_prix,,499,774,national,4,3,216.0,240.0,61.92,86.69,50.0,654.61
0625d2a5,2026-09-18,2026-09-20,Grand Prix du Luberon,PIERREVERT,GOLF DU LUBERON,Alpes-de-Haute-Provence,04,43.8118768,5.749258,,grand_prix,,308,475,national,4,3,216.0,240.0,38.0,53.2,50.0,597.2
b39adf13,2026-09-19,2026-09-19,GALVANI BORDE ROUGE CUP 2026 - SAMEDI,VIEILLE TOULOUSE,GOLF CLUB DE TOULOUSE,Haute-Garonne,31,43.535,1.4375,,club,vieille_toulouse,30,24,local,1,0,10.0,0.0,1.92,2.69,10.0,24.61
d35e4b94,2026-09-19,2026-09-20,Grand Prix d'Albon,ALBON,GOLF D'ALBON,Drôme,26,45.2450813,4.8489303,,grand_prix,,318,510,national,3,2,162.0,160.0,40.8,57.12,50.0,469.92
7cef488e,2026-09-19,2026-09-20,Grand Prix de Fourqueux,FOURQUEUX,GOLF DE FOURQUEUX,Yvelines,78,48.8865297,2.0644977,,grand_prix,,457,693,national,3,2,162.0,160.0,55.44,77.62,50.0,505.06
3b7d4ba4,2026-09-19,2026-09-20,Grand Prix de Limoges,LIMOGES,DOMAINE GOLF DE SAINT LAZARE,Haute-Vienne,87,45.8354243,1.2644847,,grand_prix,,203,306,regional,3,2,162.0,160.0,24.48,34.27,50.0,430.75
e2814047,2026-09-19,2026-09-20,Grand Prix de Pessac,PESSAC,GOLF BLUEGREEN PESSAC,Gironde,33,44.805615,-0.6308396,,grand_prix,,172,260,regional,3,2,162.0,160.0,20.8,29.12,50.0,421.92
5a1efe84,2026-09-19,2026-09-20,Grand Prix de Raray Trophée Tony Lloyd,RARAY,GOLF DE RARAY,Oise,60,49.2596789,2.7151668,,grand_prix,,491,758,national,3,2,162.0,160.0,60.64,84.9,50.0,517.54
3a380139,2026-09-19,2026-09-20,Grand Prix de Sénart,ST PIERRE DU PERRAY,GARDEN GOLF DE SENART,Essonne,91,48.6137867,2.505381,,grand_prix,,440,693,national,3,2,162.0,160.0,55.44,77.62,50.0,505.06
92cf8851,2026-09-19,2026-09-20,Grand Prix de Touraine,BALLAN MIRE,GOLF DE TOURAINE,Indre-et-Loire,37,47.3413214,0.6131325,,grand_prix,,376,603,national,3,2,162.0,160.0,48.24,67.54,50.0,487.78
fab0d5ec,2026-09-20,2026-09-20,GALVANI BORDE ROUGE CUP 2026 - DIMANCHE,VIEILLE TOULOUSE,GOLF CLUB DE TOULOUSE,Haute-Garonne,31,43.535,1.4375,,club,vieille_toulouse,30,24,local,1,0,10.0,0.0,1.92,2.69,10.0,24.61
88c0ecf1,2026-09-24,2026-09-24,GOLF BY NIGHT 2026,VIEILLE TOULOUSE,GOLF CLUB DE TOULOUSE,Haute-Garonne,31,43.535,1.4375,,club,vieille_toulouse,30,24,local,1,0,10.0,0.0,1.92,2.69,10.0,24.61
1ee4d3d5,2026-09-24,2026-09-26,Grand Prix de Prunevelle,DAMPIERRE SUR LE DOUBS,GOLF DE PRUNEVELLE,Doubs,25,47.4738644,6.7324675,,grand_prix,,512,816,national,4,3,216.0,240.0,65.28,91.39,50.0,662.67
62d263fb,2026-09-25,2026-09-27,Grand Prix de Roissy,ROISSY EN FRANCE,GOLF INTERNATIONAL DE ROISSY,Val-d'Oise,95,49.0032865,2.5176985,,grand_prix,,464,720,national,4,3,216.0,240.0,57.6,80.64,50.0,644.24
24bd31c9,2026-09-25,2026-09-27,Grand Prix de St Malo,LE TRONCHET,GOLF DE SAINT-MALO,Ille-et-Vilaine,35,48.4862442,-1.838977,,grand_prix,,497,771,national,4,3,216.0,240.0,61.68,86.35,50.0,654.03
ca1d0fef,2026-09-25,2026-09-27,Grand Prix du Gouverneur,MONTHIEUX,GOLF DU GOUVERNEUR,Ain,01,45.9567069,4.9410766,,grand_prix,,382,602,national,4,3,216.0,240.0,48.16,67.42,50.0,621.58
d7911455,2026-09-26,2026-09-26,CHALLENGE AFG AIRBUS 2026,MONTAUBAN,GOLF DE MONTAUBAN L'ESTANG,Tarn-et-Garonne,82,44.0175835,1.3549991,,club,Montauban,61,70,local,1,0,10.0,0.0,5.6,7.84,10.0,33.44
61d304f7,2026-09-26,2026-09-27,Grand Prix de La Prée la Rochelle,MARSILLY,GOLF DE LA PREE - LA ROCHELLE,Charente-Maritime,17,46.231389,-1.136667,,grand_prix,,289,446,national,3,2,162.0,160.0,35.68,49.95,50.0,457.63
9ec3e1fa,2026-09-26,2026-09-27,Grand Prix de l'Ailette,CERNY EN LAONNOIS,GOLF DE L'AILETTE,Aisne,02,49.4438685,3.6686223,,grand_prix,,552,841,national,3,2,162.0,160.0,67.28,94.19,50.0,533.47
1bec6bee,2026-09-26,2026-09-27,Grand Prix de la Métropole du Mans,SARGE LES LE MANS,LE MANS GOLF CLUB SARGE,Sarthe,72,48.0339235,0.2402009,,grand_prix,,434,698,national,3,2,162.0,160.0,55.84,78.18,50.0,506.02
f6a839ed,2026-09-26,2026-09-27,Grand Prix des Bouleaux,WITTELSHEIM,GOLF CLUB DES BOULEAUX,Haut-Rhin,68,47.8091086,7.2402432,,grand_prix,,549,873,national,3,2,162.0,160.0,69.84,97.78,50.0,539.62
1141e3a2,2026-09-26,2026-09-27,Grand Prix du Château des Vigiers,MONESTIER,GOLF DES VIGIERS,Dordogne,24,44.7729963,0.3266247,,grand_prix,,175,229,regional,3,2,162.0,160.0,18.32,25.65,50.0,415.97
9f609746,2026-09-26,2026-09-27,Grand Prix du UGOLF Toulouse La Ramée,TOURNEFEUILLE,UGOLF LA RAMEE,Haute-Garonne,31,43.5832062,1.3460025,,grand_prix,,16,11,local,3,0,30.0,0.0,0.88,1.23,50.0,82.11
81db65a8,2026-09-29,2026-09-29,COMPÉTITION PRIVÉE NGE 2026,VIEILLE TOULOUSE,GOLF CLUB DE TOULOUSE,Haute-Garonne,31,43.535,1.4375,,club,vieille_toulouse,30,24,local,1,0,10.0,0.0,1.92,2.69,10.0,24.61
1db71d42,2026-10-01,2026-10-01,COMPÉTITION OCTOBRE ROSE 2026,VIEILLE TOULOUSE,GOLF CLUB DE TOULOUSE,Haute-Garonne,31,43.535,1.4375,,club,vieille_toulouse,30,24,local,1,0,10.0,0.0,1.92,2.69,10.0,24.61
98e88368,2026-10-01,2026-10-03,Open d'Arcachon,LA TESTE,GOLF INTERNATIONAL D'ARCACHON,Gironde,33,44.6369726,-1.1429337,,grand_prix,,204,309,regional,4,3,216.0,240.0,24.72,34.61,50.0,565.33
684ed08a,2026-10-02,2026-10-04,Grand Prix MESSIEURS de Chamonix Trophée Maurice Herzog,LES PRAZ DE CHAMONIX,GOLF CLUB DE CHAMONIX MT BLANC,Haute-Savoie,74,45.9404532,6.8865884,,grand_prix,,472,709,national,4,3,216.0,240.0,56.72,79.41,50.0,642.13
0ea8c125,2026-10-03,2026-10-03,TROPHÉE CARRÉ BARAGNON 2026 - SAMEDI,VIEILLE TOULOUSE,GOLF CLUB DE TOULOUSE,Haute-Garonne,31,43.535,1.4375,,club,vieille_toulouse,30,24,local,1,0,10.0,0.0,1.92,2.69,10.0,24.61
ec3067ab,2026-10-03,2026-10-04,Grand Prix de Cicé Blossac,BRUZ,EXCLUSIV GOLF DE CICE-BLOSSAC,Ille-et-Vilaine,35,48.0245814,-1.7471629,,grand_prix,,453,708,national,3,2,162.0,160.0,56.64,79.3,50.0,507.94
302fc0d3,2026-10-03,2026-10-04,Grand Prix de Gadancourt,GADANCOURT,UGOLF GADANCOURT,Val-d'Oise,95,49.100771,1.862133,,grand_prix,,483,723,national,3,2,162.0,160.0,57.84,80.98,50.0,510.82
dae1257a,2026-10-03,2026-10-04,Grand Prix de La Chassagne,MALAIN,GOLF DE LA CHASSAGNE,Côte-d'Or,21,47.3249791,4.7957471,,grand_prix,,450,711,national,3,2,162.0,160.0,56.88,79.63,50.0,508.51
0262c7f4,2026-10-03,2026-10-04,Grand Prix de Mortemart,MORTEMART,GOLF CLUB DE MORTEMART,Haute-Vienne,87,46.0415562,0.9562559,,grand_prix,,239,352,regional,3,2,162.0,160.0,28.16,39.42,50.0,439.58
4496a59b,2026-10-03,2026-10-04,Grand Prix de Niort,NIORT,GOLF BLUEGREEN NIORT ROMAGNE,Deux-Sèvres,79,46.3239233,-0.4646064,,grand_prix,,284,440,national,3,2,162.0,160.0,35.2,49.28,50.0,456.48
d794a487,2026-10-04,2026-10-04,TROPHÉE CARRÉ BARAGNON 2026 - DIMANCHE,VIEILLE TOULOUSE,GOLF CLUB DE TOULOUSE,Haute-Garonne,31,43.535,1.4375,,club,vieille_toulouse,30,24,local,1,0,10.0,0.0,1.92,2.69,10.0,24.61
bfcd2e57,2026-10-06,2026-10-06,COMPÉTITION PRIVÉE - CLUB DES 100,VIEILLE TOULOUSE,GOLF CLUB DE TOULOUSE,Haute-Garonne,31,43.535,1.4375,,club,vieille_toulouse,30,24,local,1,0,10.0,0.0,1.92,2.69,10.0,24.61
f564e735,2026-10-09,2026-10-11,Grand Prix de Val Grand,BONDOUFLE,GOLF DE VAL-GRAND,Essonne,91,48.6137157,2.3805119,,grand_prix,,429,682,national,4,3,216.0,240.0,54.56,76.38,50.0,636.94
954d6f9f,2026-10-09,2026-10-11,Grand Prix de Valescure Trophée Jean-Louis JURION,SAINT RAPHAEL,GOLF DE VALESCURE,Var,83,43.4254,6.7688,,grand_prix,,341,535,national,4,3,216.0,240.0,42.8,59.92,50.0,608.72
752042d3,2026-10-09,2026-10-11,Grand Prix de la Côte d'Opale,LE TOUQUET PARIS PLAGE,GOLF DU TOUQUET,Pas-de-Calais,62,50.5200083,1.5864532,,grand_prix,,601,929,national,4,3,216.0,240.0,74.32,104.05,50.0,684.37
5e1f21b2,2026-10-10,2026-10-10,JUNIOR SERIES 6,PLAISANCE DU TOUCH,UGOLF TOULOUSE TEOULA,Haute-Garonne,31,43.5650991,1.2956832,,club,teoula,8,7,local,1,0,10.0,0.0,0.56,0.78,10.0,21.34
3fc1820b,2026-10-10,2026-10-10,OPEN GENERALI - PWC - SHAMBLE A 2 - SAMEDI,VIEILLE TOULOUSE,GOLF CLUB DE TOULOUSE,Haute-Garonne,31,43.535,1.4375,,club,vieille_toulouse,30,24,local,1,0,10.0,0.0,1.92,2.69,10.0,24.61
b5db0aee,2026-10-10,2026-10-10,OPEN GENERALI - PWC - SIMPLE - SAMEDI,VIEILLE TOULOUSE,GOLF CLUB DE TOULOUSE,Haute-Garonne,31,43.535,1.4375,,club,vieille_toulouse,30,24,local,1,0,10.0,0.0,1.92,2.69,10.0,24.61
5119f367,2026-10-10,2026-10-11,Grand Prix de la Ligue de Normandie,LE CASTELET,GOLF DE CAEN GARCELLES,Calvados,14,49.08707,-0.2882907,,grand_prix,,522,845,national,3,2,162.0,160.0,67.6,94.64,50.0,534.24
a1fff1d3,2026-10-10,2026-10-11,Grand Prix du Château d'Allot,BOE,GOLF DU CHATEAU D'ALLOT,Lot-et-Garonne,47,44.1605556,0.6294444,,grand_prix,,95,131,local,3,0,30.0,0.0,10.48,14.67,50.0,105.15
a25305c0,2026-10-10,2026-10-11,Grand Prix du Val de l'Indre,VILLEDIEU SUR INDRE,GOLF CLUB DU VAL DE L'INDRE,Indre,36,46.8474516,1.5375901,,grand_prix,,281,433,national,3,2,162.0,160.0,34.64,48.5,50.0,455.14
6a0de855,2026-10-11,2026-10-11,OPEN GENERALI - PWC - SIMPLE - DIMANCHE,VIEILLE TOULOUSE,GOLF CLUB DE TOULOUSE,Haute-Garonne,31,43.535,1.4375,,club,vieille_toulouse,30,24,local,1,0,10.0,0.0,1.92,2.69,10.0,24.61
6266417f,2026-10-11,2026-10-11,OPEN GENERALI - PWC / SHAMBLE A 2 - DIMANCHE,VIEILLE TOULOUSE,GOLF CLUB DE TOULOUSE,Haute-Garonne,31,43.535,1.4375,,club,vieille_toulouse,30,24,local,1,0,10.0,0.0,1.92,2.69,10.0,24.61
e4425942,2026-10-17,2026-10-17,CHAMPIONNAT DU CLUB 2026 - SIMPLE,VIEILLE TOULOUSE,GOLF CLUB DE TOULOUSE,Haute-Garonne,31,43.535,1.4375,,club,vieille_toulouse,30,24,local,1,0,10.0,0.0,1.92,2.69,10.0,24.61
4c447d6c,2026-10-17,2026-10-18,Grand Prix de Béziers Saint Thomas,BEZIERS,GOLF BEZIERS SAINT THOMAS,Hérault,34,43.3426562,3.2131307,,grand_prix,,139,210,regional,3,2,162.0,160.0,16.8,23.52,50.0,412.32
dc83b1d9,2026-10-17,2026-10-18,Grand Prix de MURTOLI,SARTENE,MURTOLI GOLF LINKS,Corse-du-Sud,2A,41.6208848,8.9721882,,grand_prix,,1024,1012,national,3,2,162.0,160.0,80.96,113.34,50.0,566.3
bc4fc605,2026-10-17,2026-10-18,Grand Prix de Mont Griffon,LUZARCHES,GOLF HOTEL DE MONT GRIFFON,Val-d'Oise,95,49.1124996,2.4223849,,grand_prix,,479,738,national,3,2,162.0,160.0,59.04,82.66,50.0,513.7
c5a3deb1,2026-10-17,2026-10-18,Grand Prix de Sablé Solesmes,SABLE SUR SARTHE,GOLF DE SABLE-SOLESMES,Sarthe,72,47.8400712,-0.3352048,,grand_prix,,438,646,national,3,2,162.0,160.0,51.68,72.35,50.0,496.03
88690ff6,2026-10-17,2026-10-18,Grand Prix de Villeneuve sur Lot,CASTELNAUD DE GRATECAMBE,GOLF DE VILLENEUVE SUR LOT,Lot-et-Garonne,47,44.4979614,0.669986,,grand_prix,,136,174,regional,3,2,162.0,160.0,13.92,19.49,50.0,405.41
0f6c557d,2026-10-23,2026-10-25,Grand Prix des 24h Le Mans,MULSANNE,GOLF DES 24 HEURES - LE MANS,Sarthe,72,47.9069356,0.2460607,,grand_prix,,425,682,national,4,3,216.0,240.0,54.56,76.38,50.0,636.94
694a6625,2026-10-30,2026-11-01,Grand Prix d'Albret Trophée Bernard Betuing,BARBASTE,ALBRET GOLF EXPERIENCE,Lot-et-Garonne,47,44.1701233,0.2867228,,grand_prix,,121,161,regional,4,3,216.0,240.0,12.88,18.03,50.0,536.91
f62dfbe5,2026-10-30,2026-11-01,Grand Prix du Domaine de Manville,LES BAUX DE PROVENCE,LE GOLF DU DOMAINE DE MANVILLE,Bouches-du-Rhône,13,43.7436458,4.7950342,,grand_prix,,242,365,national,4,3,216.0,240.0,29.2,40.88,50.0,576.08
344edc92,2026-11-06,2026-11-08,Grand Prix Messieurs de la Ligue PACA,LES MILLES,GOLF AIX-MARSEILLE,Bouches-du-Rhône,13,43.5036881,5.3873997,,grand_prix,,267,419,national,4,3,216.0,240.0,33.52,46.93,50.0,586.45
711c0c35,2026-11-08,2026-11-08,TROPHEE JORIGNE 2026,MONTAUBAN,GOLF DE MONTAUBAN L'ESTANG,Tarn-et-Garonne,82,44.0175835,1.3549991,,club,Montauban,61,70,local,1,0,10.0,0.0,5.6,7.84,10.0,33.44
2f7ffbed,2026-11-14,2026-11-14,COUPE DU PERSONNEL - SAMEDI DOUBLE 18T,VIEILLE TOULOUSE,GOLF CLUB DE TOULOUSE,Haute-Garonne,31,43.535,1.4375,,club,vieille_toulouse,30,24,local,1,0,10.0,0.0,1.92,2.69,10.0,24.61
40cdb914,2026-11-14,2026-11-14,COUPE DU PERSONNEL - SAMEDI DOUBLE 5T,VIEILLE TOULOUSE,GOLF CLUB DE TOULOUSE,Haute-Garonne,31,43.535,1.4375,,club,vieille_toulouse,30,24,local,1,0,10.0,0.0,1.92,2.69,10.0,24.61
191db1ec,2026-11-14,2026-11-14,COUPE DU PERSONNEL - SAMEDI DOUBLE 9T,VIEILLE TOULOUSE,GOLF CLUB DE TOULOUSE,Haute-Garonne,31,43.535,1.4375,,club,vieille_toulouse,30,24,local,1,0,10.0,0.0,1.92,2.69,10.0,24.61
f320ddec,2026-11-14,2026-11-14,COUPE DU PERSONNEL - SAMEDI SIMPLE,VIEILLE TOULOUSE,GOLF CLUB DE TOULOUSE,Haute-Garonne,31,43.535,1.4375,,club,vieille_toulouse,30,24,local,1,0,10.0,0.0,1.92,2.69,10.0,24.61
0d90d116,2026-11-14,2026-11-15,Grand Prix de Roquebrune,ROQUEBRUNE SUR ARGENS,GOLF DE ROQUEBRUNE,Var,83,43.4433565,6.6363623,,grand_prix,,337,526,national,3,2,162.0,160.0,42.08,58.91,50.0,472.99
4b0dbf5c,2026-11-15,2026-11-15,COUPE DU PERSONNEL - DIMANCHE DOUBLE 18T,VIEILLE TOULOUSE,GOLF CLUB DE TOULOUSE,Haute-Garonne,31,43.535,1.4375,,club,vieille_toulouse,30,24,local,1,0,10.0,0.0,1.92,2.69,10.0,24.61
2ca15b20,2026-11-15,2026-11-15,COUPE DU PERSONNEL - DIMANCHE DOUBLE 5T,VIEILLE TOULOUSE,GOLF CLUB DE TOULOUSE,Haute-Garonne,31,43.535,1.4375,,club,vieille_toulouse,30,24,local,1,0,10.0,0.0,1.92,2.69,10.0,24.61
eea6110d,2026-11-15,2026-11-15,COUPE DU PERSONNEL - DIMANCHE DOUBLE 9T,VIEILLE TOULOUSE,GOLF CLUB DE TOULOUSE,Haute-Garonne,31,43.535,1.4375,,club,vieille_toulouse,30,24,local,1,0,10.0,0.0,1.92,2.69,10.0,24.61
3dc542ad,2026-11-15,2026-11-15,COUPE DU PERSONNEL - DIMANCHE SIMPLE,VIEILLE TOULOUSE,GOLF CLUB DE TOULOUSE,Haute-Garonne,31,43.535,1.4375,,club,vieille_toulouse,30,24,local,1,0,10.0,0.0,1.92,2.69,10.0,24.61
ad9f06e7,2026-11-20,2026-11-22,Grand Prix du Cap d’Agde,CAP D'AGDE,GOLF INTERNATIONAL CAP D'AGDE,Hérault,34,43.2845374,3.5117752,,grand_prix,,155,236,regional,4,3,216.0,240.0,18.88,26.43,50.0,551.31
5be0d9a6,2026-11-28,2026-11-28,AM-AM MEMBRES 2026 - APRÈS-MIDI,VIEILLE TOULOUSE,GOLF CLUB DE TOULOUSE,Haute-Garonne,31,43.535,1.4375,,club,vieille_toulouse,30,24,local,1,0,10.0,0.0,1.92,2.69,10.0,24.61
62e98517,2026-11-28,2026-11-28,AM-AM MEMBRES 2026 - MATIN,VIEILLE TOULOUSE,GOLF CLUB DE TOULOUSE,Haute-Garonne,31,43.535,1.4375,,club,vieille_toulouse,30,24,local,1,0,10.0,0.0,1.92,2.69,10.0,24.61
086f477a,2026-11-29,2026-11-29,AM-AM DES PARTENAIRES 2026,VIEILLE TOULOUSE,GOLF CLUB DE TOULOUSE,Haute-Garonne,31,43.535,1.4375,,club,vieille_toulouse,30,24,local,1,0,10.0,0.0,1.92,2.69,10.0,24.61
